# Blender 4.4.3
# www.blender.org
mtllib fantasy_decorations.mtl
o Beam_Long
v -8.000000 0.200000 3.000000
v -8.000000 0.200000 2.900000
v -8.000000 0.000000 3.000000
v -8.000000 0.000000 2.900000
v -10.000000 0.000000 3.000000
v -10.000000 0.200000 2.900000
v -10.000000 0.200000 3.000000
v -10.000000 0.000000 2.900000
vn 1.0000 -0.0000 -0.0000
vn -0.0000 -1.0000 -0.0000
vn -0.0000 -0.0000 -1.0000
vn -0.0000 1.0000 -0.0000
vn -0.0000 -0.0000 1.0000
vn -1.0000 -0.0000 -0.0000
vt 0.472565 0.445129
vt 0.527435 0.445129
vt 0.527435 0.554871
vt 0.472565 0.554871
vt 0.496002 -0.048710
vt 0.496002 1.048710
vt 0.550873 1.048710
vt 0.550873 -0.048710
vt 0.578309 1.048710
vt 0.578308 -0.048710
vt 0.468567 -0.048710
vt 0.468567 1.048710
s 0
usemtl _0048_PaleGoldenrod.002
f 3/1/1 4/2/1 2/3/1 1/4/1
f 8/5/2 4/6/2 3/7/2 5/8/2
f 4/9/3 8/10/3 6/11/3 2/12/3
f 6/5/4 7/8/4 1/7/4 2/6/4
f 5/10/5 3/9/5 1/12/5 7/11/5
f 8/2/6 5/1/6 7/4/6 6/3/6
o Beam_Short
v -11.000000 0.200000 3.000000
v -11.000000 0.200000 2.900000
v -11.000000 0.000000 3.000000
v -11.000000 0.000000 2.900000
v -12.000000 0.000000 3.000000
v -12.000000 0.200000 2.900000
v -12.000000 0.200000 3.000000
v -12.000000 0.000000 2.900000
vn 1.0000 -0.0000 -0.0000
vn -0.0000 -1.0000 -0.0000
vn -0.0000 -0.0000 -1.0000
vn -0.0000 1.0000 -0.0000
vn -0.0000 -0.0000 1.0000
vn -1.0000 -0.0000 -0.0000
vt 0.472565 0.445129
vt 0.527435 0.445129
vt 0.527435 0.554871
vt 0.472565 0.554871
vt 0.496002 0.225645
vt 0.496002 0.774355
vt 0.550873 0.774355
vt 0.550873 0.225645
vt 0.578309 0.774355
vt 0.578308 0.225645
vt 0.468567 0.225645
vt 0.468567 0.774355
s 0
usemtl _0048_PaleGoldenrod.002
f 11/13/7 12/14/7 10/15/7 9/16/7
f 16/17/8 12/18/8 11/19/8 13/20/8
f 12/21/9 16/22/9 14/23/9 10/24/9
f 14/17/10 15/20/10 9/19/10 10/18/10
f 13/22/11 11/21/11 9/24/11 15/23/11
f 16/14/12 13/13/12 15/16/12 14/15/12
o Bed_Double
v -6.000000 0.200000 6.000000
v -6.000000 0.000000 6.000000
v -6.000000 0.000000 4.300000
v -4.200000 0.000000 6.000000
v -6.000000 0.200000 4.300000
v -4.537260 0.200000 4.350000
v -5.950000 0.200000 4.350000
v -5.950000 0.200000 5.950000
v -4.537260 0.200000 5.950000
v -4.250000 0.445504 4.936549
v -4.250000 0.391000 5.053549
v -4.250000 0.391000 5.241000
v -4.250000 0.445504 5.358000
v -4.250000 0.445504 5.736549
v -4.250000 0.369503 5.853549
v -4.250000 0.354000 5.934000
v -4.250000 0.200000 5.950000
v -4.250000 0.200000 6.000000
v -4.250000 0.445504 4.558000
v -4.250000 0.368453 4.441000
v -4.250000 0.354000 4.366000
v -4.250000 0.200000 4.350000
v -4.250000 0.200000 4.300000
v -4.250000 0.556000 4.300000
v -4.250000 0.556000 6.000000
v -4.200000 0.556000 4.300000
v -4.200000 0.556000 6.000000
v -4.200000 0.000000 4.300000
v -4.250000 0.390179 5.200000
v -4.249998 0.354000 5.934000
v -4.537258 0.200000 5.950000
v -4.249998 0.200000 5.950000
v -4.537258 0.354000 5.934000
v -4.537258 0.369503 5.853549
v -4.249998 0.369503 5.853549
v -5.949998 0.354000 5.861589
v -4.612258 0.391000 5.742000
v -4.537258 0.369503 5.853549
v -4.537258 0.354000 5.934000
v -5.523998 0.391000 5.742000
v -4.537258 0.391000 5.053549
v -4.612258 0.391000 4.942000
v -4.612258 0.391000 4.558000
v -4.537258 0.391000 5.241000
v -4.612258 0.391000 5.358000
v -5.853920 0.354000 4.366000
v -5.949998 0.354000 4.438410
v -5.949998 0.200000 4.350000
v -4.537258 0.200000 5.950000
v -5.853920 0.354000 5.934000
v -5.949998 0.200000 5.950000
v -4.537258 0.368453 4.441000
v -5.523998 0.391000 4.558000
v -4.537258 0.200000 4.350000
v -4.537258 0.354000 4.366000
v -4.537258 0.391000 5.241000
v -4.612258 0.391000 5.358000
v -4.249998 0.391000 5.241000
v -4.249998 0.445504 5.358000
v -4.612258 0.391000 5.742000
v -4.537258 0.445504 5.358000
v -4.249998 0.445504 5.736549
v -4.537258 0.369503 5.853549
v -4.537258 0.445504 5.736549
v -4.249998 0.369503 5.853549
v -4.537258 0.391000 5.053549
v -4.249998 0.391000 5.241000
v -4.537258 0.391000 5.241000
v -4.249998 0.391000 5.053549
v -4.537258 0.368453 4.441000
v -4.612258 0.391000 4.558000
v -4.249998 0.368453 4.441000
v -4.249998 0.445504 4.558000
v -4.612258 0.391000 4.942000
v -4.537258 0.391000 5.053549
v -4.537258 0.445504 4.558000
v -4.249998 0.445504 4.936549
v -4.537258 0.445504 4.936549
v -4.249998 0.391000 5.053549
v -4.537258 0.354000 4.366000
v -4.537258 0.368453 4.441000
v -4.249998 0.368453 4.441000
v -4.249998 0.200000 4.350000
v -4.249998 0.354000 4.366000
v -4.537258 0.200000 4.350000
vn -1.0000 -0.0000 -0.0000
vn -0.0000 -0.0000 -1.0000
vn -0.0000 -1.0000 -0.0000
vn -0.0000 -0.0000 1.0000
vn -0.0000 1.0000 -0.0000
vn 1.0000 -0.0000 -0.0000
vn -0.0000 0.1033 0.9946
vn -0.0000 0.9819 0.1892
vn -0.0629 0.9945 0.0835
vn -0.0865 0.9962 -0.0000
vn -0.5471 0.4168 0.7259
vn -0.0629 0.9945 -0.0835
vn -0.0000 0.9819 -0.1892
vn -0.5471 0.4168 -0.7259
vn -0.0000 0.1033 -0.9946
vn -0.5501 0.7570 -0.3526
vn -0.5879 0.8090 -0.0000
vn -0.0000 0.9065 -0.4223
vn -0.4951 0.7286 0.4733
vn -0.0000 0.8386 0.5447
vn -0.5188 0.7140 -0.4702
vn -0.0000 0.8352 -0.5500
vn -0.5319 0.7676 0.3576
vn -0.0000 0.9065 0.4223
vt 0.966106 0.420757
vt 0.966106 0.311015
vt 0.033299 0.311015
vt 0.033299 0.420757
vt -0.141462 0.420757
vt 0.818780 0.420757
vt 0.818780 0.616098
vt 0.846216 0.616098
vt 0.846216 0.311015
vt -0.141462 0.311015
vt -0.141462 0.966106
vt 0.846216 0.966106
vt 0.846216 0.033299
vt -0.141462 0.033299
vt 0.818780 0.966106
vt 0.818780 0.033299
vt 0.818780 0.060734
vt 0.661158 0.060734
vt -0.114026 0.060734
vt -0.114026 0.938670
vt 0.661158 0.938670
vt 0.818780 0.938670
vt 0.938670 0.420757
vt 0.929891 0.505259
vt 0.888737 0.513189
vt 0.824538 0.555468
vt 0.616825 0.555468
vt 0.552626 0.525561
vt 0.449770 0.525561
vt 0.385570 0.555468
vt 0.177857 0.555468
vt 0.113658 0.513766
vt 0.069514 0.505259
vt 0.060734 0.420757
vt 0.033299 0.616098
vt 0.966106 0.616098
vt 0.472267 0.525111
vt 0.818781 0.505259
vt 0.661159 0.505259
vt 0.661159 0.420757
vt 0.818781 0.420757
vt 0.818781 0.069514
vt 0.818781 0.113658
vt 0.661159 0.113658
vt 0.661159 0.069514
vt 0.749035 0.836781
vt 0.928670 0.883017
vt 0.896252 0.944360
vt 0.762995 0.167537
vt 0.935618 0.127010
vt 0.995839 0.994831
vt 0.073573 0.834134
vt 0.052392 0.943925
vt 0.045522 0.900696
vt 0.049847 0.617317
vt 0.006277 0.554693
vt 0.000086 0.450182
vt 0.036108 0.385380
vt 0.079635 0.166839
vt 0.905103 0.056719
vt 0.995839 0.001499
vt 0.067650 0.993702
vt 0.056574 0.095227
vt 0.065637 0.055330
vt 0.086029 0.006722
vt 0.661159 0.449770
vt 0.620006 0.385571
vt 0.661159 0.385571
vt 0.620006 0.174866
vt 0.661159 0.177857
vt 0.818781 0.385571
vt 0.818781 0.449770
vt 0.818781 0.177857
vt 0.818781 0.552626
vt 0.661159 0.552626
vt 0.661159 0.888737
vt 0.620006 0.824538
vt 0.661159 0.824538
vt 0.620006 0.613834
vt 0.661159 0.616825
vt 0.818781 0.824538
vt 0.818781 0.888737
vt 0.818781 0.616825
vt 0.818781 0.929891
vt 0.661159 0.929891
s 0
usemtl _0048_PaleGoldenrod.002
f 21/25/13 19/26/13 18/27/13 17/28/13
f 21/29/14 39/30/14 40/31/14 42/32/14 44/33/14 19/34/14
f 19/35/15 44/36/15 20/37/15 18/38/15
f 20/33/16 43/32/16 41/31/16 34/30/16 17/29/16 18/34/16
f 39/39/17 21/35/17 17/38/17 34/40/17 33/41/17 25/42/17 24/43/17 23/44/17 22/45/17 38/46/17
f 39/25/13 38/47/13 37/48/13 36/49/13 35/50/13 26/51/13 27/52/13 28/53/13 29/54/13 30/55/13 31/56/13 32/57/13 33/58/13 34/28/13 41/59/13 40/60/13
f 40/39/17 41/40/17 43/37/17 42/36/17
f 43/59/18 20/27/18 44/26/18 42/60/18
f 27/52/13 45/61/13 28/53/13
usemtl _0026_LightSalmon.002
f 46/62/19 49/63/19 47/64/19 48/65/19
f 46/66/20 51/67/20 50/68/20 49/69/20
f 85/98/17 82/99/17 84/90/17 83/96/17
f 100/108/25 96/109/25 97/100/25 98/106/25
f 99/65/27 101/64/27 96/63/27 100/62/27
usemtl _0125_Plum.002
f 56/70/21 52/71/21 66/72/21
f 52/71/22 56/70/22 69/73/22 63/74/22
f 67/75/23 66/72/23 52/71/23
f 53/76/20 56/70/20 66/72/20 55/77/20 54/78/20
f 61/79/17 60/80/17 57/81/17 58/82/17 59/83/17 69/73/17 56/70/17 53/76/17
f 63/74/24 69/73/24 62/84/24
f 64/85/13 67/75/13 52/71/13 63/74/13
f 67/75/19 65/86/19 55/77/19 66/72/19
f 62/84/25 69/73/25 59/83/25 68/87/25 71/88/25
f 62/84/26 64/85/26 63/74/26
f 62/84/27 71/88/27 70/89/27 64/85/27
usemtl _0068_LightGreen.002
f 72/90/28 73/91/28 77/92/28
f 73/91/29 76/93/29 80/94/29 77/92/29
f 77/92/30 75/95/30 74/96/30 72/90/30
f 79/68/31 80/94/31 76/93/31
f 78/97/17 75/95/17 77/92/17 80/94/17
f 79/68/32 81/67/32 78/97/32 80/94/32
f 86/100/33 87/101/33 92/102/33
f 87/101/29 90/103/29 94/104/29 92/102/29
f 92/102/34 89/105/34 88/106/34 86/100/34
f 91/99/35 94/104/35 90/103/35
f 93/107/17 89/105/17 92/102/17 94/104/17
f 91/99/36 95/98/36 93/107/36 94/104/36
o Bed_Single
v -1.750000 0.445504 3.858000
v -1.750000 0.368453 3.741000
v -1.750000 0.445504 4.236549
v -2.112260 0.391000 3.858000
v -2.037260 0.368453 3.741000
v -2.037260 0.445504 4.236549
v -2.037260 0.445504 3.858000
v -1.750000 0.369503 4.353549
v -2.037260 0.369503 4.353549
v -2.112260 0.391000 4.242000
v -2.037259 0.368453 3.741000
v -2.112259 0.391000 3.858000
v -3.353922 0.354000 3.666000
v -3.024000 0.391000 3.858000
v -2.112259 0.391000 4.242000
v -2.037259 0.354000 3.666000
v -2.037259 0.200000 3.650000
v -3.450000 0.200000 3.650000
v -2.037259 0.369503 4.353549
v -3.450000 0.354000 3.738411
v -3.450000 0.354000 4.361589
v -3.024000 0.391000 4.242000
v -2.037259 0.200000 4.450000
v -2.037259 0.354000 4.434000
v -3.353922 0.354000 4.434000
v -3.450000 0.200000 4.450000
v -1.750000 0.354000 4.434000
v -2.037259 0.200000 4.450000
v -1.750000 0.200000 4.450000
v -2.037259 0.354000 4.434000
v -2.037259 0.369503 4.353549
v -1.750000 0.369503 4.353549
v -2.037259 0.354000 3.666000
v -2.037259 0.368453 3.741000
v -1.750000 0.368453 3.741000
v -1.750000 0.200000 3.650000
v -1.750000 0.354000 3.666000
v -2.037259 0.200000 3.650000
v -1.700000 0.556000 3.600000
v -1.750000 0.556000 3.600000
v -3.500000 0.200000 3.600000
v -3.450000 0.200000 3.650000
v -1.750000 0.200000 3.650000
v -3.450000 0.200000 4.450000
v -2.037259 0.200000 4.450000
v -1.750000 0.200000 4.500000
v -1.750000 0.200000 3.600000
v -2.037259 0.200000 3.650000
v -1.750000 0.445504 3.858000
v -1.750000 0.445504 4.236549
v -1.750000 0.369503 4.353549
v -1.750000 0.368453 3.741000
v -1.750000 0.354000 3.666000
v -1.750000 0.200000 4.450000
v -1.750000 0.354000 4.434000
v -1.700000 0.556000 4.500000
v -3.500000 0.000000 4.500000
v -3.500000 0.000000 3.600000
v -1.700000 0.000000 3.600000
v -3.500000 0.200000 4.500000
v -1.750000 0.556000 4.500000
v -1.700000 0.000000 4.500000
vn -0.0000 0.8352 -0.5500
vn -0.0000 1.0000 -0.0000
vn -0.5188 0.7140 -0.4702
vn -0.5879 0.8090 -0.0000
vn -0.0000 0.8386 0.5447
vn -0.4951 0.7286 0.4733
vn -0.0000 0.9819 -0.1892
vn -0.0629 0.9945 -0.0835
vn -0.0000 0.1033 -0.9946
vn -0.0865 0.9962 -0.0000
vn -0.5471 0.4168 -0.7259
vn -0.0000 0.9819 0.1892
vn -1.0000 -0.0000 -0.0000
vn -0.0629 0.9945 0.0835
vn -0.0000 0.1033 0.9946
vn -0.5471 0.4168 0.7259
vn -0.0000 -0.0000 -1.0000
vn 1.0000 -0.0000 -0.0000
vn -0.0000 -1.0000 -0.0000
vn -0.0000 -0.0000 1.0000
vt 0.724935 0.605014
vt 0.882557 0.605014
vt 0.882557 0.669213
vt 0.724935 0.669213
vt 0.882557 0.397300
vt 0.724935 0.397300
vt 0.683781 0.605014
vt 0.683781 0.394309
vt 0.724935 0.333101
vt 0.882557 0.333101
vt 0.002469 0.710366
vt 0.183500 0.605014
vt 0.683781 0.605014
vt 0.724935 0.669213
vt 0.724935 0.710366
vt -0.050250 0.670634
vt 0.183500 0.394309
vt 0.683781 0.394309
vt 0.002469 0.515874
vt 0.724935 0.515874
vt 0.724935 0.431373
vt -0.050250 0.431373
vt -0.050250 0.328689
vt -0.050250 0.515874
vt 0.002469 0.288957
vt 0.724935 0.288957
vt 0.724935 0.333101
vt 0.328689 0.515874
vt 0.670634 0.515874
vt 0.719145 0.431373
vt 0.280177 0.431373
vt 0.882557 0.515874
vt 0.882557 0.431373
vt 0.882557 0.288957
vt 0.882557 0.333101
vt 0.882557 0.710366
vt 0.882557 0.669213
vt -0.077686 0.431373
vt 0.882557 0.626713
vt 0.909992 0.626713
vt 0.909992 0.321631
vt -0.077686 0.321631
vt -0.050250 0.719145
vt 0.724935 0.719145
vt 0.882557 0.719145
vt 0.882557 0.746581
vt -0.077686 0.746581
vt -0.077686 0.252742
vt 0.882557 0.252742
vt 0.882557 0.280177
vt 0.724935 0.280177
vt -0.050250 0.280177
vt 0.288957 0.515874
vt 0.252742 0.431373
vt 0.252742 0.626713
vt 0.746581 0.626713
vt 0.746581 0.431373
vt 0.710366 0.515874
vt 0.669213 0.523805
vt 0.605014 0.566083
vt 0.397300 0.566083
vt 0.333101 0.524381
vt 0.909992 0.746581
vt 0.909992 0.252742
vt 0.252742 0.321631
vt 0.746581 0.321631
s 0
usemtl _0048_PaleGoldenrod.002
f 142/147/53 148/142/53 141/148/53 140/149/53 160/150/53 159/151/53
f 143/152/38 149/153/38 144/154/38 148/155/38 142/156/38 161/157/38 147/158/38 155/159/38 146/160/38 145/161/38
f 156/162/49 155/140/49 147/163/49 162/164/49 141/165/49 148/166/49 144/139/49 154/167/49 153/168/49 150/169/49 151/170/49 152/171/49
f 140/172/38 141/155/38 162/158/38 157/173/38
f 163/174/54 160/175/54 140/165/54 157/164/54
f 163/173/55 158/157/55 159/156/55 160/172/55
f 159/175/49 158/174/49 161/163/49 142/166/49
f 163/150/56 157/149/56 162/148/56 147/142/56 161/147/56 158/151/56
usemtl _0068_LightGreen.002
f 108/110/37 102/111/37 103/112/37 106/113/37
f 104/114/38 102/111/38 108/110/38 107/115/38
f 106/113/39 105/116/39 108/110/39
f 105/116/40 111/117/40 107/115/40 108/110/40
f 110/118/41 109/119/41 104/114/41 107/115/41
f 110/118/42 107/115/42 111/117/42
usemtl _0125_Plum.002
f 114/120/43 115/121/43 113/122/43 112/123/43 117/124/43
f 121/125/44 115/121/44 114/120/44
f 123/126/38 116/127/38 113/122/38 115/121/38
f 114/128/45 117/129/45 118/130/45 119/131/45
f 121/125/46 122/132/46 123/126/46 115/121/46
f 114/128/47 119/131/47 121/133/47
f 123/126/48 126/134/48 125/135/48 120/136/48 116/127/48
f 122/137/49 121/138/49 119/139/49 127/140/49
f 123/126/50 122/132/50 126/134/50
f 127/131/51 124/130/51 125/129/51 126/128/51
f 127/131/52 126/128/52 122/133/52
usemtl _0026_LightSalmon.002
f 128/141/51 131/129/51 129/130/51 130/142/51
f 128/143/48 133/144/48 132/136/48 131/135/48
f 138/145/43 134/124/43 135/123/43 136/146/43
f 137/142/45 139/130/45 134/129/45 138/141/45
o Board
v -3.500000 0.050000 4.998654
v -3.500000 0.000000 4.998654
v -1.500000 0.050000 5.998654
v -3.500000 0.000000 5.998654
v -1.500000 0.000000 5.998654
v -1.500000 0.050000 4.998654
v -1.500000 0.000000 4.998654
v -3.500000 0.050000 5.998654
vn -0.0000 1.0000 -0.0000
vn -1.0000 -0.0000 -0.0000
vn -0.0000 -0.0000 1.0000
vn 1.0000 -0.0000 -0.0000
vn -0.0000 -0.0000 -1.0000
vt 0.225645 -0.048710
vt 0.774355 -0.048710
vt 0.774355 1.048710
vt 0.225645 1.048710
vt 0.513718 0.774355
vt 0.513718 0.225645
vt 0.486282 0.225645
vt 0.486282 0.774355
vt 0.513718 -0.048710
vt 0.513718 1.048710
vt 0.486282 1.048710
vt 0.486282 -0.048710
s 0
usemtl _0048_PaleGoldenrod.002
f 165/176/57 167/177/57 168/178/57 170/179/57
f 165/180/58 167/181/58 171/182/58 164/183/58
f 167/184/59 168/185/59 166/186/59 171/187/59
f 168/181/60 170/180/60 169/183/60 166/182/60
f 170/185/61 165/184/61 164/187/61 169/186/61
f 164/176/57 171/177/57 166/178/57 169/179/57
o Door
v -3.000000 1.849513 3.050000
v -3.000000 0.150000 3.000000
v -3.000000 2.000000 2.950000
v -3.000000 0.000000 2.950000
v -4.000000 1.849513 3.000000
v -3.000000 1.849513 3.000000
v -4.000000 1.708000 3.050000
v -4.000000 1.849513 3.050000
v -3.217579 1.708000 3.050000
v -3.000000 1.708000 3.050000
v -3.000000 0.000000 3.000000
v -4.000000 0.000000 3.000000
v -3.000000 2.000000 3.000000
v -4.000000 2.000000 2.950000
v -4.000000 2.000000 3.000000
v -3.000000 0.929000 3.050000
v -3.000000 1.070513 3.050000
v -4.000000 0.150000 3.000000
v -4.000000 1.070513 3.050000
v -3.782421 1.070513 3.000000
v -3.000000 1.708000 3.000000
v -3.000000 1.070513 3.000000
v -3.782421 1.070513 3.050000
v -4.000000 0.000000 2.950000
v -4.000000 0.929000 3.050000
v -3.782421 0.291513 3.050000
v -3.000000 0.929000 3.000000
v -3.000000 0.291513 3.000000
v -3.000000 0.291513 3.050000
v -3.000000 0.150000 3.050000
v -4.000000 1.070513 3.000000
v -3.217579 1.708000 3.000000
v -4.000000 1.708000 3.000000
v -4.000000 0.150000 3.050000
v -4.000000 0.929000 3.000000
v -3.782421 0.291513 3.000000
v -4.000000 0.291513 3.000000
v -4.000000 0.291513 3.050000
v -3.217579 0.929000 3.000000
v -3.217579 0.929000 3.050000
vn 1.0000 -0.0000 -0.0000
vn -0.0000 1.0000 -0.0000
vn -0.0000 -0.0000 1.0000
vn -0.0000 -1.0000 -0.0000
vn 0.6316 -0.7753 -0.0000
vn -0.0000 -0.0000 -1.0000
vn -1.0000 -0.0000 -0.0000
vn -0.6316 0.7753 -0.0000
vt 0.509097 0.888603
vt 0.509097 0.966253
vt 0.481662 0.966253
vt 0.481662 0.888603
vt 0.509097 -0.048593
vt 0.536533 -0.048593
vt 0.536533 1.048827
vt 0.509097 1.048827
vt 0.509097 0.538808
vt 0.509097 0.461158
vt 0.509097 0.111363
vt 0.509097 0.033713
vt 0.774355 0.509097
vt 0.225645 0.509097
vt 0.225645 0.481662
vt 0.774355 0.481662
vt -0.007423 0.184475
vt 0.070227 0.184475
vt 0.070227 0.613797
vt 0.070227 0.733185
vt -0.007423 0.733185
vt 0.654967 0.481662
vt 0.654967 0.509097
vt 0.345033 0.481662
vt 0.345033 0.509097
vt 0.225645 0.536533
vt 0.774355 0.536533
vt 0.774355 -0.048593
vt 0.225645 -0.048593
vt 0.225645 1.048827
vt 0.774355 1.048827
vt 0.225645 0.966253
vt 0.774355 0.966253
vt 0.774355 0.538808
vt 0.774355 0.888603
vt 0.345033 0.538808
vt 0.481662 0.538808
vt 0.481662 0.461158
vt 0.774355 0.111363
vt 0.774355 0.461158
vt 0.345033 0.111363
vt 0.481662 0.111363
vt 0.481662 0.033713
vt 1.007423 0.733185
vt 0.925116 0.733185
vt 0.925116 0.184475
vt 1.007423 0.184475
vt 0.372027 0.404353
vt 0.371965 0.958135
vt 0.296564 0.865571
vt 0.296626 0.311789
vt 0.225645 0.538808
vt 0.654967 0.888603
vt 0.420022 0.184475
vt 0.497671 0.184475
vt 0.497672 0.613797
vt 0.497672 0.733185
vt 0.420022 0.733185
vt 0.420022 0.303863
vt 0.225645 0.111363
vt 0.654967 0.461158
vt 0.225645 0.033713
vt 0.774355 0.033713
vt 0.225645 0.888603
vt 0.225645 0.461158
vt 0.703436 0.134395
vt 0.703374 0.688177
vt 0.627973 0.595613
vt 0.628035 0.041831
s 0
usemtl _0048_PaleGoldenrod.002
f 192/188/62 177/189/62 172/190/62 181/191/62
f 182/192/62 175/193/62 174/194/62 184/195/62 177/189/62 192/188/62 193/196/62 198/197/62 199/198/62 173/199/62
f 177/200/63 176/201/63 179/202/63 172/203/63
f 179/204/64 178/205/64 180/206/64 181/207/64 172/208/64
f 181/203/65 180/209/65 203/210/65 192/200/65
f 181/203/66 194/211/66 191/212/66 192/200/66
f 195/213/65 175/214/65 182/200/65 183/201/65
f 175/215/67 195/216/67 185/217/67 174/218/67
f 174/214/63 185/213/63 186/201/63 184/200/63
f 186/217/64 176/219/64 177/220/64 184/218/64
f 193/221/64 192/222/64 191/223/64
f 198/197/62 193/196/62 188/224/62 187/225/62
f 199/226/64 198/227/64 207/228/64
f 173/199/62 199/198/62 200/229/62 201/230/62
f 182/231/64 173/232/64 189/233/64 183/234/64
f 179/190/68 176/189/68 204/188/68 178/191/68
f 204/201/65 203/210/65 180/209/65 178/202/65
f 194/235/64 181/236/64 180/237/64 190/238/64
f 190/202/69 180/209/69 203/210/69 202/201/69
f 192/222/67 191/223/67 202/239/67 203/240/67
f 193/200/63 191/212/63 194/211/63 188/203/63
f 190/202/63 194/211/63 191/212/63 202/201/63
f 195/193/68 183/192/68 189/199/68 208/198/68 206/197/68 202/196/68 204/188/68 176/189/68 186/195/68 185/194/68
f 190/241/64 196/242/64 211/243/64 187/244/64 188/245/64 194/246/64
f 187/203/66 197/211/66 207/212/66 198/200/66
f 187/203/65 211/209/65 210/210/65 198/200/65
f 198/227/67 207/228/67 208/247/67 210/248/67
f 199/200/63 207/212/63 197/211/63 200/203/63
f 209/247/64 205/249/64 201/250/64 200/226/64 197/228/64
f 189/201/65 173/200/65 201/203/65 205/202/65
f 204/251/64 202/239/64 203/240/64
f 190/224/68 202/196/68 206/197/68 196/225/68
f 209/229/68 208/198/68 189/199/68 205/230/68
f 206/252/64 208/247/64 210/248/64
f 206/201/65 210/210/65 211/209/65 196/202/65
f 197/253/64 187/254/64 211/255/64 209/256/64
f 209/202/63 197/211/63 207/212/63 208/201/63
f 209/202/69 211/209/69 210/210/69 208/201/69
o Door_Frame
v -4.306000 2.222000 3.100000
v -4.306000 2.222000 2.900000
v -4.204000 2.018000 2.900000
v -4.306000 2.018000 2.900000
v -4.306000 2.018000 3.100000
v -2.980000 2.018000 3.100000
v -2.674000 2.222000 3.100000
v -4.204000 -0.022000 2.900000
v -4.204000 -0.022000 3.100000
v -4.204000 2.018000 3.100000
v -4.000000 -0.022000 3.100000
v -2.776000 2.018000 2.900000
v -2.674000 2.018000 3.100000
v -2.674000 2.222000 2.900000
v -2.674000 2.018000 2.900000
v -2.980000 -0.022000 2.900000
v -4.000000 -0.022000 2.900000
v -4.000000 2.018000 2.900000
v -4.000000 2.018000 3.100000
v -2.980000 2.018000 2.900000
v -2.776000 -0.022000 3.100000
v -2.980000 -0.022000 3.100000
v -2.776000 2.018000 3.100000
v -2.776000 -0.022000 2.900000
vn -1.0000 -0.0000 -0.0000
vn -0.0000 -1.0000 -0.0000
vn -0.0000 -0.0000 1.0000
vn -0.0000 1.0000 -0.0000
vn -0.0000 -0.0000 -1.0000
vn 1.0000 -0.0000 -0.0000
vt 0.554871 0.857576
vt 0.445129 0.857576
vt 0.445129 0.969513
vt 0.554871 0.969513
vt 0.108221 0.554871
vt 0.108221 0.445129
vt 0.052253 0.445129
vt 0.052253 0.554871
vt 0.555968 0.117469
vt 0.555968 0.229406
vt 0.555968 0.789090
vt 0.555968 0.901027
vt 0.555968 0.956995
vt 0.444032 0.956995
vt 0.444032 0.061500
vt 0.555968 0.061500
vt 0.570129 0.947747
vt 0.570129 0.052253
vt 0.679871 0.052253
vt 0.679871 0.947747
vt 0.554871 -0.261792
vt 0.445129 -0.261792
vt 0.108221 -0.261792
vt 0.220158 -0.261792
vt 0.220158 0.857576
vt 0.108221 0.857576
vt 0.220158 0.445129
vt 0.220158 0.554871
vt 0.779842 0.554871
vt 0.779842 0.445129
vt 0.779842 -0.261792
vt 0.891779 -0.261792
vt 0.891779 0.857576
vt 0.779842 0.857576
vt 0.891779 0.445129
vt 0.891779 0.554871
vt 0.947747 0.554871
vt 0.947747 0.445129
s 0
usemtl _0048_PaleGoldenrod.002
f 215/257/70 216/258/70 212/259/70 213/260/70
f 214/261/71 221/262/71 216/263/71 215/264/71
f 221/265/72 230/266/72 217/267/72 234/268/72 224/269/72 218/270/72 212/271/72 216/272/72
f 225/273/73 213/274/73 212/275/73 218/276/73
f 229/266/74 214/265/74 215/272/74 213/271/74 225/270/74 226/269/74 223/268/74 231/267/74
f 219/277/70 220/278/70 221/258/70 214/257/70
f 220/279/72 222/280/72 230/281/72 221/282/72
f 230/283/71 229/284/71 231/285/71 217/286/71
f 233/287/72 232/288/72 234/289/72 217/290/72
f 234/291/71 223/292/71 226/293/71 224/294/71
f 224/258/75 226/257/75 225/260/75 218/259/75
f 228/280/74 219/279/74 214/282/74 229/281/74
f 235/288/74 227/287/74 231/290/74 223/289/74
f 222/283/71 220/262/71 219/261/71 228/284/71
f 222/278/75 228/277/75 229/257/75 230/258/75
f 227/277/70 233/278/70 217/258/70 231/257/70
f 232/291/71 233/286/71 227/285/71 235/292/71
f 232/278/75 235/277/75 223/257/75 234/258/75
o Fireplace
v -5.700000 1.800000 2.450000
v -5.700000 1.800000 2.850000
v -4.800000 0.000000 2.850000
v -5.100000 2.250000 2.850000
v -4.950000 0.000000 2.850000
v -4.950000 0.100000 2.850000
v -5.100000 0.700000 2.850000
v -5.850000 0.100000 2.850000
v -5.850000 0.000000 2.850000
v -5.700000 2.250000 2.450000
v -5.700000 2.250000 2.850000
v -4.800000 0.000000 2.450000
v -6.000000 0.000000 2.450000
v -6.000000 1.200000 2.450000
v -6.000000 1.200000 2.850000
v -6.000000 0.000000 2.850000
v -5.700000 0.100000 2.850000
v -5.700000 0.700000 2.850000
v -5.625000 0.100000 2.475000
v -5.175000 1.175000 2.475000
v -5.625000 1.175000 2.475000
v -5.100000 0.100000 2.850000
v -4.800000 1.200000 2.850000
v -4.800000 1.200000 2.450000
v -5.100000 1.800000 2.450000
v -5.100000 1.800000 2.850000
v -5.100000 2.250000 2.450000
v -5.175000 0.100000 2.475000
v -5.850000 0.100000 3.000000
v -5.850000 0.000000 2.850000
v -5.850000 0.100000 2.850000
v -6.000000 0.000000 2.450000
v -4.800000 0.000000 2.850000
v -4.800000 0.000000 2.450000
v -6.000000 0.000000 2.850000
v -5.850000 0.000000 3.000000
v -5.100000 0.100000 2.850000
v -5.625000 0.100000 2.475000
v -5.700000 0.100000 2.850000
v -5.175000 0.100000 2.475000
v -4.950000 0.100000 2.850000
v -4.950000 0.100000 3.000000
v -4.950000 0.000000 3.000000
v -4.950000 0.000000 2.850000
vn -0.8944 0.4472 -0.0000
vn -0.0000 -0.0000 1.0000
vn -1.0000 -0.0000 -0.0000
vn -0.0000 -0.0000 -1.0000
vn 0.9806 -0.0000 0.1961
vn -0.0000 -0.6196 -0.7849
vn -0.9806 -0.0000 0.1961
vn 1.0000 -0.0000 -0.0000
vn 0.8944 0.4472 -0.0000
vn -0.0000 1.0000 -0.0000
vn -0.0000 -1.0000 -0.0000
vt 0.422076 0.687666
vt 0.422076 1.016892
vt 0.641559 1.016892
vt 0.641559 0.687666
vt 0.335387 1.016892
vt 0.170774 0.687666
vt 0.170774 0.029215
vt 0.253081 0.029215
vt 0.253081 0.084086
vt 0.335387 0.084086
vt 0.335387 0.413311
vt 0.664613 0.413311
vt 0.664613 0.084086
vt 0.746919 0.084086
vt 0.746919 0.029215
vt 0.829226 0.029215
vt 0.829226 0.687666
vt 0.664613 1.016892
vt 0.664613 1.263812
vt 0.335387 1.263812
vt 0.422076 1.263812
vt 0.641559 1.263812
vt 0.641559 0.029215
vt 0.422076 0.029215
vt 0.422076 0.084086
vt 0.627842 0.084086
vt 0.627842 0.673949
vt 0.422076 0.413311
vt 0.376540 0.673949
vt 0.623460 0.673949
vt 0.335387 0.422076
vt 0.664613 0.422076
vt 0.664613 0.641559
vt 0.335387 0.641559
vt 0.376540 0.084086
vt 0.623460 0.084086
vt 0.339769 0.029215
vt 0.339769 0.084086
vt 0.170774 0.422076
vt 0.170774 0.641560
vt 0.829226 0.641560
vt 0.829226 0.422076
vt 0.746919 0.422076
vt 0.746919 0.339769
vt 0.253081 0.339769
vt 0.253081 0.422076
vt 0.746919 0.029215
vt 0.746919 0.084086
vt 0.664613 0.422076
vt 0.623460 0.627842
vt 0.376540 0.627842
vt 0.335387 0.422076
s 0
usemtl _0048_PaleGoldenrod.002
f 250/295/76 237/296/76 236/297/76 249/298/76
f 237/299/77 250/300/77 251/301/77 244/302/77 243/303/77 252/304/77 253/305/77 242/306/77 257/307/77 241/308/77 240/309/77 238/310/77 258/311/77 261/312/77 239/313/77 246/314/77
f 236/297/78 237/296/78 246/315/78 245/316/78
f 247/310/79 248/301/79 249/300/79 236/299/79 245/314/79 262/313/79 260/312/79 259/311/79
f 248/317/78 251/318/78 250/295/78 249/298/78
f 252/319/80 254/320/80 256/321/80 253/322/80
f 256/323/81 255/324/81 242/306/81 253/305/81
f 242/322/82 255/321/82 263/320/82 257/319/82
f 238/318/83 247/317/83 259/298/83 258/295/83
f 261/296/84 258/295/84 259/298/84 260/297/84
f 261/296/83 260/297/83 262/316/83 239/315/83
f 246/325/85 239/326/85 262/327/85 245/328/85
f 254/329/77 263/330/77 255/324/77 256/323/77
usemtl _0125_Plum.002
f 266/319/78 265/318/78 271/331/78 264/332/78
f 270/333/86 267/334/86 269/335/86 268/336/86 279/337/86 278/338/86 271/339/86 265/340/86
f 271/302/77 278/341/77 277/342/77 264/303/77
f 264/339/85 277/338/85 276/337/85 272/343/85 275/344/85 273/345/85 274/346/85 266/340/85
f 279/318/83 276/319/83 277/332/83 278/331/83
o Floor_Plane
v -8.000000 0.000000 6.000000
v -8.000000 0.000000 5.000000
v -9.000000 0.000000 6.000000
v -9.000000 0.000000 5.000000
vn -0.0000 1.0000 -0.0000
vt -0.000066 1.000066
vt -0.000066 -0.000066
vt 1.000066 -0.000066
vt 1.000066 1.000066
s 0
usemtl _0048_PaleGoldenrod.002
f 283/347/87 282/348/87 280/349/87 281/350/87
o Floor_Thick
v -12.000000 0.000000 5.000000
v -11.000000 0.000000 5.000000
v -11.000000 0.000000 6.000000
v -12.000000 0.000000 6.000000
v -11.000000 0.150000 6.000000
v -11.000000 0.150000 5.000000
v -12.000000 0.150000 6.000000
v -12.000000 0.150000 5.000000
v -12.000000 0.150000 6.000000
v -12.000000 0.150000 5.000000
v -12.000000 0.000000 6.000000
v -11.000000 0.150000 6.000000
v -11.000000 0.000000 5.000000
v -12.000000 0.000000 5.000000
v -11.000000 0.000000 6.000000
v -11.000000 0.150000 5.000000
vn -0.0000 -1.0000 -0.0000
vn -0.0000 1.0000 -0.0000
vn -1.0000 -0.0000 -0.0000
vn -0.0000 -0.0000 1.0000
vn -0.0000 -0.0000 -1.0000
vn 1.0000 -0.0000 -0.0000
vt 0.225645 0.225645
vt 0.225645 0.774355
vt 0.774355 0.774355
vt 0.774355 0.225645
vt -0.000066 1.000067
vt -0.000066 -0.000066
vt 1.000067 -0.000066
vt 1.000067 1.000067
vt 0.774355 0.458847
vt 0.225645 0.458847
vt 0.225645 0.541153
vt 0.774355 0.541153
s 0
usemtl _0125_Plum.002
f 287/351/88 284/352/88 285/353/88 286/354/88
usemtl _0048_PaleGoldenrod.002
f 291/355/89 290/356/89 288/357/89 289/358/89
usemtl _0068_LightGreen.002
f 297/359/90 294/360/90 292/361/90 293/362/90
f 294/360/91 298/359/91 295/362/91 292/361/91
f 296/359/92 297/360/92 293/361/92 299/362/92
f 298/360/93 296/359/93 299/362/93 295/361/93
o Floor_Thin
v -10.500000 0.000000 5.000000
v -9.500000 0.000000 5.000000
v -9.500000 0.000000 6.000000
v -10.500000 0.000000 6.000000
v -9.500001 0.050000 6.000000
v -9.500001 0.050000 5.000000
v -10.500001 0.050000 6.000000
v -10.500001 0.050000 5.000000
v -10.500001 0.050000 6.000000
v -10.500001 0.050000 5.000000
v -10.500001 0.000000 6.000000
v -9.500001 0.050000 6.000000
v -9.500001 0.000000 5.000000
v -10.500001 0.000000 5.000000
v -9.500001 0.000000 6.000000
v -9.500001 0.050000 5.000000
vn -0.0000 -1.0000 -0.0000
vn -0.0000 1.0000 -0.0000
vn -1.0000 -0.0000 -0.0000
vn -0.0000 -0.0000 1.0000
vn -0.0000 -0.0000 -1.0000
vn 1.0000 -0.0000 -0.0000
vt 0.225645 0.225645
vt 0.225645 0.774355
vt 0.774355 0.774355
vt 0.774355 0.225645
vt -0.000066 1.000067
vt -0.000066 -0.000066
vt 1.000066 -0.000066
vt 1.000066 1.000067
vt 0.774355 0.486282
vt 0.225645 0.486282
vt 0.225645 0.513718
vt 0.774355 0.513718
vt 0.225645 0.486282
vt 0.774355 0.486282
vt 0.774355 0.513718
vt 0.225645 0.513718
s 0
usemtl _0125_Plum.002
f 303/363/94 300/364/94 301/365/94 302/366/94
usemtl _0048_PaleGoldenrod.002
f 307/367/95 306/368/95 304/369/95 305/370/95
usemtl _0068_LightGreen.002
f 313/371/96 310/372/96 308/373/96 309/374/96
f 310/375/97 314/376/97 311/377/97 308/378/97
f 312/376/98 313/375/98 309/378/98 315/377/98
f 314/372/99 312/371/99 315/374/99 311/373/99
o Plank_Long
v -10.000000 0.050000 3.800000
v -10.000000 0.000000 3.800000
v -8.000000 0.050000 4.000000
v -10.000000 0.000000 4.000000
v -8.000000 0.000000 4.000000
v -8.000000 0.050000 3.800000
v -8.000000 0.000000 3.800000
v -10.000000 0.050000 4.000000
vn -0.0000 -1.0000 -0.0000
vn -1.0000 -0.0000 -0.0000
vn -0.0000 -0.0000 1.0000
vn 1.0000 -0.0000 -0.0000
vn -0.0000 -0.0000 -1.0000
vn -0.0000 1.0000 -0.0000
vt 0.468567 -0.048710
vt 0.468567 1.048710
vt 0.578309 1.048710
vt 0.578308 -0.048710
vt 0.554871 0.486282
vt 0.445129 0.486282
vt 0.445129 0.513718
vt 0.554871 0.513718
vt 0.537155 -0.048710
vt 0.537155 1.048710
vt 0.509720 1.048710
vt 0.509720 -0.048710
s 0
usemtl _0048_PaleGoldenrod.002
f 317/379/100 322/380/100 320/381/100 319/382/100
f 317/383/101 319/384/101 323/385/101 316/386/101
f 319/387/102 320/388/102 318/389/102 323/390/102
f 320/384/103 322/383/103 321/386/103 318/385/103
f 322/388/104 317/387/104 316/390/104 321/389/104
f 316/379/105 323/382/105 318/381/105 321/380/105
o Plank_Short
v -12.000000 0.050000 3.800000
v -12.000000 0.000000 3.800000
v -11.000000 0.050000 4.000000
v -12.000000 0.000000 4.000000
v -11.000000 0.000000 4.000000
v -11.000000 0.050000 3.800000
v -11.000000 0.000000 3.800000
v -12.000000 0.050000 4.000000
vn -0.0000 -1.0000 -0.0000
vn -1.0000 -0.0000 -0.0000
vn -0.0000 -0.0000 1.0000
vn 1.0000 -0.0000 -0.0000
vn -0.0000 -0.0000 -1.0000
vn -0.0000 1.0000 -0.0000
vt 0.468567 0.225645
vt 0.468567 0.774355
vt 0.578309 0.774355
vt 0.578308 0.225645
vt 0.554871 0.486282
vt 0.445129 0.486282
vt 0.445129 0.513718
vt 0.554871 0.513718
vt 0.537155 0.225645
vt 0.537155 0.774355
vt 0.509720 0.774355
vt 0.509720 0.225645
s 0
usemtl _0048_PaleGoldenrod.002
f 325/391/106 330/392/106 328/393/106 327/394/106
f 325/395/107 327/396/107 331/397/107 324/398/107
f 327/399/108 328/400/108 326/401/108 331/402/108
f 328/396/109 330/395/109 329/398/109 326/397/109
f 330/400/110 325/399/110 324/402/110 329/401/110
f 324/391/111 331/394/111 326/393/111 329/392/111
o Post_Long
v -6.800000 2.500000 3.000000
v -6.800000 2.500000 2.800000
v -6.800000 0.000000 3.000000
v -6.800000 0.000000 2.800000
v -7.000000 0.000000 3.000000
v -7.000000 2.500000 2.800000
v -7.000000 2.500000 3.000000
v -7.000000 0.000000 2.800000
vn 1.0000 -0.0000 -0.0000
vn -0.0000 1.0000 -0.0000
vn -0.0000 -0.0000 -1.0000
vn -0.0000 -0.0000 1.0000
vn -1.0000 -0.0000 -0.0000
vt 0.445129 -0.185887
vt 0.554871 -0.185887
vt 0.554871 1.185887
vt 0.445129 1.185887
vt 0.445129 0.554871
vt 0.445129 0.445129
vt 0.554871 0.445129
vt 0.554871 0.554871
s 0
usemtl _0048_PaleGoldenrod.002
f 334/403/112 335/404/112 333/405/112 332/406/112
f 339/407/113 336/408/113 334/409/113 335/410/113
f 335/404/114 339/403/114 337/406/114 333/405/114
f 337/407/113 338/408/113 332/409/113 333/410/113
f 336/403/115 334/404/115 332/405/115 338/406/115
f 339/404/116 336/403/116 338/406/116 337/405/116
o Post_Short
v -7.000000 1.000000 3.800000
v -7.000000 0.000000 3.800000
v -6.800000 0.000000 3.800000
v -7.000000 1.000000 4.000000
v -6.800000 1.000000 4.000000
v -6.800000 1.000000 3.800000
v -7.000000 0.000000 4.000000
v -6.800000 0.000000 4.000000
vn -0.0000 -0.0000 -1.0000
vn -0.0000 1.0000 -0.0000
vn -1.0000 -0.0000 -0.0000
vn 1.0000 -0.0000 -0.0000
vn -0.0000 -0.0000 1.0000
vt 0.554871 0.225645
vt 0.445129 0.225645
vt 0.445129 0.774355
vt 0.554871 0.774355
vt 0.445129 0.445129
vt 0.554871 0.445129
vt 0.554871 0.554871
vt 0.445129 0.554871
s 0
usemtl _0048_PaleGoldenrod.002
f 342/411/117 341/412/117 340/413/117 345/414/117
f 346/415/118 347/416/118 342/417/118 341/418/118
f 341/411/119 346/412/119 343/413/119 340/414/119
f 343/415/118 344/416/118 345/417/118 340/418/118
f 347/412/120 342/411/120 345/414/120 344/413/120
f 346/412/121 347/411/121 344/414/121 343/413/121
o Roof_Tiles
v -6.500000 0.050000 5.750000
v -7.500000 0.050000 5.750000
v -7.500000 0.000000 5.750000
v -6.500000 0.050000 5.500000
v -7.500000 0.050000 5.500000
v -7.500000 0.000000 5.500000
v -6.500000 0.000000 5.500000
v -6.500000 0.050000 6.000000
v -6.500000 0.000000 5.750000
v -7.500000 0.050000 6.000000
v -7.500000 0.000000 5.250000
v -7.500000 0.000000 6.000000
v -6.500000 0.000000 6.000000
v -6.500000 0.000000 5.250000
v -7.500000 0.050000 5.250000
v -7.500000 0.000000 5.000000
v -6.500000 0.050000 5.250000
v -6.500000 0.000000 5.000000
v -6.500000 0.050000 5.750000
v -7.500000 0.050000 5.750000
v -7.500000 0.000000 5.750000
v -6.500000 0.050000 5.500000
v -7.500000 0.050000 5.500000
v -7.500000 0.000000 5.500000
v -6.500000 0.000000 5.500000
v -6.500000 0.050000 6.000000
v -6.500000 0.000000 5.750000
v -7.500000 0.050000 6.000000
v -7.500000 0.000000 5.250000
v -7.500000 0.000000 6.000000
v -6.500000 0.000000 6.000000
v -6.500000 0.000000 5.250000
v -7.500000 0.050000 5.250000
v -7.500000 0.000000 5.000000
v -6.500000 0.050000 5.250000
v -6.500000 0.000000 5.000000
vn -0.0000 0.9806 -0.1961
vn -0.0000 -0.0000 1.0000
vn -0.0000 -0.9806 0.1961
vn -0.0000 -0.0000 -1.0000
vt 0.327208 0.534294
vt 0.327208 0.397117
vt 0.875917 0.397117
vt 0.875917 0.534294
vt 0.875917 0.486282
vt 0.875917 0.513718
vt 0.327208 0.513718
vt 0.327208 0.486282
vt 0.774355 0.486282
vt 0.774355 0.513718
vt 0.225645 0.513718
vt 0.225645 0.486282
vt 0.225645 0.397117
vt 0.225645 0.259939
vt 0.774355 0.259939
vt 0.774355 0.397117
vt 0.225645 0.671472
vt 0.225645 0.534294
vt 0.774355 0.534294
vt 0.774355 0.671472
vt 0.327208 0.808649
vt 0.327208 0.671472
vt 0.875917 0.671472
vt 0.875917 0.808649
s 0
usemtl _0048_PaleGoldenrod.002
f 353/419/122 349/420/122 348/421/122 354/422/122
f 356/423/123 348/424/123 349/425/123 350/426/123
f 354/427/123 351/428/123 352/429/123 353/430/123
f 350/431/122 357/432/122 355/433/122 356/434/122
f 358/435/122 352/436/122 351/437/122 361/438/122
f 357/429/123 359/430/123 360/427/123 355/428/123
f 361/423/123 364/424/123 362/425/123 358/426/123
f 363/439/122 362/440/122 364/441/122 365/442/122
f 371/419/124 372/422/124 366/421/124 367/420/124
f 374/423/125 368/426/125 367/425/125 366/424/125
f 372/427/125 371/430/125 370/429/125 369/428/125
f 368/431/124 374/434/124 373/433/124 375/432/124
f 376/435/124 379/438/124 369/437/124 370/436/124
f 375/429/125 373/428/125 378/427/125 377/430/125
f 379/423/125 376/426/125 380/425/125 382/424/125
f 381/439/124 383/442/124 382/441/124 380/440/124
o Shelf_Long
v 4.775000 0.150000 4.800000
v 4.725000 0.150000 4.800000
v 4.725000 0.000000 4.800000
v 4.775000 0.000000 4.800000
v 4.725000 0.150000 4.950000
v 4.500000 0.150000 5.000000
v 5.225000 0.150000 4.950000
v 5.500000 0.175000 4.800000
v 4.500000 0.175000 4.800000
v 4.775000 0.150000 4.950000
v 4.500000 0.150000 4.800000
v 4.500000 0.175000 5.000000
v 5.225000 0.000000 4.800000
v 5.225000 0.150000 4.800000
v 5.275000 0.000000 4.800000
v 5.275000 0.150000 4.950000
v 5.275000 0.150000 4.800000
v 5.500000 0.150000 5.000000
v 5.500000 0.150000 4.800000
v 5.500000 0.175000 5.000000
vn -1.0000 -0.0000 -0.0000
vn -0.0000 -0.0000 -1.0000
vn -0.0000 -0.7071 0.7071
vn -0.0000 1.0000 -0.0000
vn -0.0000 -1.0000 -0.0000
vn 1.0000 -0.0000 -0.0000
vn -0.0000 -0.0000 1.0000
vt 0.452286 0.521356
vt 0.493118 0.521356
vt 0.452286 0.439050
vt 0.493118 0.360744
vt 0.493118 0.333309
vt 0.452286 0.333309
vt 0.452286 0.360744
vt 0.482024 0.333309
vt 0.441192 0.333309
vt 0.441192 0.360744
vt 0.482024 0.360744
vt 0.562653 0.209849
vt 0.452911 0.209849
vt 0.452911 0.333309
vt 0.535217 0.333309
vt 0.535217 0.360744
vt 0.452911 0.360744
vt 0.452911 0.607664
vt 0.535217 0.607664
vt 0.535217 0.635099
vt 0.452911 0.635099
vt 0.452911 0.758559
vt 0.562653 0.758559
vt 0.475274 0.758559
vt 0.475274 0.635099
vt 0.475274 0.607664
vt 0.475274 0.360744
vt 0.475274 0.333309
vt 0.475274 0.209849
vt 0.461556 0.209849
vt 0.461556 0.758559
vt 0.475274 0.521356
vt 0.475274 0.411614
vt 0.461556 0.411614
vt 0.461556 0.521356
vt 0.482024 0.607664
vt 0.482024 0.635099
vt 0.441192 0.635099
vt 0.441192 0.607664
vt 0.493118 0.635099
vt 0.493118 0.607664
vt 0.452286 0.607664
vt 0.452286 0.635099
s 0
usemtl _0048_PaleGoldenrod.002
f 385/443/126 386/444/126 388/445/126
f 387/446/127 386/447/127 385/448/127 384/449/127
f 388/450/128 386/451/128 387/452/128 393/453/128
f 388/450/129 393/453/129 384/452/129 385/451/129
f 389/454/130 394/455/130 385/456/130 388/457/130 393/458/130 384/459/130 397/460/130 390/461/130 399/462/130 400/463/130 402/464/130 401/465/130
f 402/466/127 400/467/127 397/468/127 384/469/127 385/470/127 394/471/127 392/472/127 391/473/127
f 384/443/131 393/445/131 387/444/131
f 394/474/126 389/475/126 395/476/126 392/477/126
f 397/443/126 396/444/126 390/445/126
f 390/478/129 399/479/129 400/480/129 397/481/129
f 390/478/128 396/481/128 398/480/128 399/479/128
f 400/443/131 399/445/131 398/444/131
f 401/475/131 402/474/131 391/477/131 403/476/131
f 389/471/132 401/466/132 403/473/132 395/472/132
f 398/482/127 396/483/127 397/484/127 400/485/127
f 392/455/129 395/454/129 403/465/129 391/464/129
o Shelf_Short
v 6.000000 0.150000 4.800000
v 6.000000 0.175000 4.800000
v 6.000000 0.175000 5.000000
v 6.500000 0.175000 5.000000
v 6.500000 0.175000 4.800000
v 6.500000 0.150000 4.800000
v 6.500000 0.150000 5.000000
v 6.225000 0.150000 4.800000
v 6.225000 0.150000 4.950000
v 6.275000 0.150000 4.950000
v 6.000000 0.150000 5.000000
v 6.275000 0.000000 4.800000
v 6.225000 0.000000 4.800000
v 6.275000 0.150000 4.800000
vn -0.0000 1.0000 -0.0000
vn -1.0000 -0.0000 -0.0000
vn -0.0000 -0.0000 1.0000
vn 1.0000 -0.0000 -0.0000
vn -0.0000 -0.0000 -1.0000
vn -0.0000 -1.0000 -0.0000
vn -0.0000 -0.7071 0.7071
vt 0.451720 0.347026
vt 0.561462 0.347026
vt 0.561462 0.621381
vt 0.451720 0.621381
vt 0.481126 0.525981
vt 0.481126 0.416239
vt 0.467408 0.416239
vt 0.467408 0.525981
vt 0.481126 0.347026
vt 0.481126 0.621381
vt 0.467408 0.621381
vt 0.467408 0.347026
vt 0.420579 0.621381
vt 0.420579 0.497922
vt 0.420579 0.470486
vt 0.420579 0.347026
vt 0.406861 0.347026
vt 0.406861 0.621381
vt 0.451720 0.470486
vt 0.534026 0.470486
vt 0.534026 0.497922
vt 0.451720 0.497922
vt 0.496022 0.497922
vt 0.496022 0.470486
vt 0.455189 0.470486
vt 0.455189 0.497922
vt 0.479730 0.470486
vt 0.479730 0.497922
vt 0.438897 0.497922
vt 0.438897 0.470486
vt 0.455189 0.525981
vt 0.496022 0.525981
vt 0.455189 0.443674
s 0
usemtl _0048_PaleGoldenrod.002
f 405/486/133 406/487/133 407/488/133 408/489/133
f 404/490/134 414/491/134 406/492/134 405/493/134
f 414/494/135 410/495/135 407/496/135 406/497/135
f 410/491/136 409/490/136 408/493/136 407/492/136
f 409/498/137 417/499/137 411/500/137 404/501/137 405/502/137 408/503/137
f 414/487/138 404/486/138 411/504/138 412/505/138 413/506/138 417/507/138 409/489/138 410/488/138
f 415/508/137 416/509/137 411/510/137 417/511/137
f 412/512/133 413/513/133 417/514/133 411/515/133
f 411/516/134 416/517/134 412/518/134
f 412/512/139 416/515/139 415/514/139 413/513/139
f 417/516/136 413/518/136 415/517/136
o Sideboard
v -0.362059 0.075000 2.949559
v -0.362059 0.075000 2.974560
v -0.899560 0.825000 2.974560
v -0.899560 0.075000 2.974560
v -0.899560 0.075000 2.949559
v -0.899560 0.825000 2.949559
v -0.362059 0.825000 2.974560
v -0.362059 0.825000 2.949559
v 0.200441 0.825000 2.974560
v 0.200441 0.825000 2.949559
v -0.337059 0.825000 2.949559
v -0.337059 0.075000 2.974560
v -0.337059 0.075000 2.949559
v 0.200441 0.075000 2.949559
v 0.200441 0.075000 2.974560
v -0.337059 0.825000 2.974560
v 0.300881 0.900000 3.000000
v -1.000000 0.850000 2.499559
v -0.949559 0.850000 2.549559
v -0.949559 0.850000 2.949559
v 0.250441 0.850000 2.949559
v 0.300881 0.850000 3.000000
v 0.250441 0.850000 2.549559
v -1.000000 0.900000 3.000000
v 0.300881 0.900000 2.499559
v -1.000000 0.900000 2.499559
v -1.000000 0.850000 3.000000
v -0.949559 0.850000 2.499559
v 0.250441 0.850000 2.499559
v 0.300881 0.850000 2.499559
v -0.949559 0.850000 2.549559
v -0.949559 0.850000 2.949559
v -0.949559 0.000000 2.949559
v 0.250441 0.000000 2.949559
v -0.362059 0.825000 2.949559
v -0.899559 0.075000 2.949559
v 0.200441 0.075000 2.949559
v 0.200441 0.825000 2.949559
v -0.337059 0.825000 2.949559
v -0.337059 0.075000 2.949559
v -0.362059 0.075000 2.949559
v -0.899559 0.825000 2.949559
v 0.250441 0.000000 2.549559
v -0.949559 0.000000 2.549559
v 0.250441 0.850000 2.949559
v 0.250441 0.850000 2.549559
v -0.362059 0.075000 2.949559
v -0.362059 0.825000 2.949559
v -0.337059 0.825000 2.949559
v -0.337059 0.075000 2.949559
vn -0.0000 -1.0000 -0.0000
vn 1.0000 -0.0000 -0.0000
vn -0.0000 -0.0000 1.0000
vn -1.0000 -0.0000 -0.0000
vn -0.0000 1.0000 -0.0000
vn -0.0000 -0.0000 -1.0000
vt 0.198209 0.439790
vt 0.493141 0.439790
vt 0.493141 0.426072
vt 0.198209 0.426072
vt 0.426072 0.648708
vt 0.426072 0.237176
vt 0.439790 0.237176
vt 0.439790 0.648708
vt 0.198209 0.237176
vt 0.493141 0.237176
vt 0.493141 0.648708
vt 0.198209 0.648708
vt 0.439790 0.237176
vt 0.439790 0.648708
vt 0.426072 0.648708
vt 0.426072 0.237176
vt 0.801790 0.439790
vt 0.506859 0.439790
vt 0.506859 0.426072
vt 0.801790 0.426072
vt 0.801790 0.648708
vt 0.506859 0.648708
vt 0.506859 0.237176
vt 0.801790 0.237176
vt 0.388561 0.194084
vt 0.388561 0.907890
vt 0.361125 0.907890
vt 0.361125 0.194084
vt 0.638875 0.194084
vt 0.364278 0.194084
vt 0.364278 0.221761
vt 0.391713 0.221761
vt 0.611197 0.221761
vt 0.611197 0.880213
vt 0.391713 0.880213
vt 0.364278 0.880213
vt 0.364278 0.907890
vt 0.638875 0.907890
vt 0.388561 0.463099
vt 0.388561 0.737696
vt 0.361125 0.737696
vt 0.361125 0.463099
vt 0.388561 0.880213
vt 0.388561 0.221761
vt 0.659274 0.196023
vt 0.439790 0.196023
vt 0.439790 0.662426
vt 0.659274 0.662426
vt 0.829226 0.439790
vt 0.170774 0.439790
vt 0.170774 0.659274
vt 0.829226 0.659274
vt 0.829226 0.196023
vt 0.170774 0.196023
vt 0.170774 0.662426
vt 0.829226 0.662426
vt 0.493141 0.237176
vt 0.493141 0.648708
s 0
usemtl _0048_PaleGoldenrod.002
f 461/563/143 450/564/143 449/565/143 448/566/143
f 451/567/140 450/568/140 461/569/140 460/570/140
f 460/571/145 461/572/145 448/573/145 463/574/145
f 451/564/141 460/563/141 463/566/141 462/565/141
f 450/572/142 451/571/142 462/574/142 449/573/142
f 464/575/142 467/541/142 466/540/142 465/576/142
usemtl _0125_Plum.002
f 422/519/140 418/520/140 419/521/140 421/522/140
f 424/523/141 419/524/141 418/525/141 425/526/141
f 421/527/142 419/528/142 424/529/142 420/530/142
f 423/526/143 422/525/143 421/524/143 420/523/143
f 424/521/144 425/520/144 423/519/144 420/522/144
f 431/531/141 427/532/141 426/533/141 432/534/141
f 427/535/144 428/536/144 433/537/144 426/538/144
f 426/539/142 433/540/142 429/541/142 432/542/142
f 429/537/140 430/536/140 431/535/140 432/538/140
f 429/534/143 433/533/143 428/532/143 430/531/143
usemtl _0068_LightGreen.002
f 444/543/142 439/544/142 434/545/142 441/546/142
f 444/547/140 435/548/140 445/549/140 436/550/140 437/551/140 438/552/140 440/553/140 446/554/140 447/555/140 439/556/140
f 439/557/141 447/558/141 442/559/141 434/560/141
f 434/556/144 442/555/144 443/548/144 441/547/144
f 435/558/143 444/557/143 441/560/143 443/559/143
f 447/544/145 446/561/145 445/562/145 435/543/145 443/546/145 442/545/145
f 440/553/140 436/550/140 445/549/140 446/554/140
o Stool
v 6.016700 0.000000 5.818933
v 6.038351 0.225000 5.831433
v 6.060001 0.000000 5.843933
v 6.106652 0.225000 5.813131
v 6.063351 0.225000 5.788131
v 6.041700 0.000000 5.775631
v 6.085001 0.000000 5.800632
v 6.081652 0.225000 5.856432
v 6.211322 0.225000 6.000000
v 6.210826 0.225000 5.856432
v 6.081652 0.225000 5.856432
v 6.038351 0.225000 5.831433
v 6.063351 0.225000 5.788131
v 6.106652 0.225000 5.813131
v 6.000000 0.225000 5.898233
v 6.254128 0.225000 5.831433
v 6.229128 0.225000 5.788131
v 6.185827 0.225000 5.813131
v 6.121239 0.225000 5.925000
v 6.121239 0.225000 5.975000
v 6.171239 0.225000 5.975000
v 6.171239 0.225000 5.925000
v 6.081157 0.225000 6.000000
v 6.000000 0.275000 5.898233
v 6.081157 0.275000 6.000000
v 6.028965 0.225000 5.771331
v 6.028965 0.275000 5.771331
v 6.146239 0.225000 5.714855
v 6.263514 0.275000 5.771331
v 6.292479 0.275000 5.898233
v 6.263514 0.225000 5.771331
v 6.292479 0.225000 5.898233
v 6.211322 0.275000 6.000000
v 6.146239 0.275000 5.714855
v 6.171239 0.225000 5.975000
v 6.171239 0.000000 6.000000
v 6.171239 0.000000 5.950000
v 6.171239 0.225000 5.925000
v 6.121239 0.000000 5.950000
v 6.121239 0.225000 5.925000
v 6.121239 0.000000 6.000000
v 6.121239 0.225000 5.975000
v 6.207477 0.000000 5.800632
v 6.210826 0.225000 5.856432
v 6.232477 0.000000 5.843933
v 6.275778 0.000000 5.818933
v 6.229128 0.225000 5.788131
v 6.185827 0.225000 5.813131
v 6.250779 0.000000 5.775631
v 6.254128 0.225000 5.831433
vn -0.8607 0.1104 -0.4969
vn -0.0000 -1.0000 -0.0000
vn -0.5000 -0.0000 0.8660
vn 0.5000 -0.0000 -0.8660
vn 0.8607 -0.1104 0.4969
vn -0.0000 -0.0000 1.0000
vn -0.7818 -0.0000 0.6235
vn -0.9749 -0.0000 -0.2225
vn -0.4339 -0.0000 -0.9010
vn 0.4339 -0.0000 -0.9010
vn 0.9749 -0.0000 -0.2225
vn 0.7818 -0.0000 0.6235
vn -0.0000 1.0000 -0.0000
vn 1.0000 -0.0000 -0.0000
vn -0.0000 -0.1104 -0.9939
vn -0.0000 0.1104 0.9939
vn -1.0000 -0.0000 -0.0000
vn -0.8607 -0.1104 0.4969
vn 0.5000 -0.0000 0.8660
vn -0.5000 -0.0000 -0.8660
vn 0.8607 0.1104 -0.4969
vt 0.548958 0.413121
vt 0.525198 0.413121
vt 0.518339 0.536581
vt 0.542099 0.536581
vt 0.442638 0.548958
vt 0.466398 0.535240
vt 0.452680 0.511480
vt 0.428921 0.525198
vt 0.428921 0.413121
vt 0.452680 0.413121
vt 0.464560 0.536581
vt 0.440800 0.536581
vt 0.454518 0.542099
vt 0.478278 0.528381
vt 0.464560 0.504621
vt 0.440800 0.518339
vt 0.466398 0.413121
vt 0.442638 0.413121
vt 0.454518 0.536581
vt 0.478278 0.536581
vt 0.511480 0.413121
vt 0.535240 0.413121
vt 0.528381 0.536581
vt 0.504621 0.536581
vt 0.535711 0.425844
vt 0.464289 0.425844
vt 0.419757 0.481685
vt 0.435650 0.551317
vt 0.500000 0.582306
vt 0.564350 0.551317
vt 0.580243 0.481685
vt 0.464289 0.536581
vt 0.535711 0.536581
vt 0.535711 0.564016
vt 0.464289 0.564016
vt 0.481685 0.536581
vt 0.425844 0.536581
vt 0.425844 0.564016
vt 0.481685 0.564016
vt 0.551317 0.536581
vt 0.551317 0.564016
vt 0.500000 0.536581
vt 0.435650 0.536581
vt 0.435650 0.564016
vt 0.500000 0.564016
vt 0.564350 0.536581
vt 0.564350 0.564016
vt 0.425844 0.413121
vt 0.453280 0.413121
vt 0.466998 0.536581
vt 0.439562 0.536581
vt 0.486282 0.425844
vt 0.486282 0.453280
vt 0.513718 0.453280
vt 0.513718 0.425844
vt 0.513718 0.413121
vt 0.486282 0.413121
vt 0.486282 0.536581
vt 0.513718 0.536581
vt 0.486282 0.439562
vt 0.486282 0.466998
vt 0.513718 0.466998
vt 0.513718 0.439562
vt 0.535240 0.413121
vt 0.511480 0.413121
vt 0.528381 0.536581
vt 0.571079 0.525198
vt 0.547320 0.511480
vt 0.533602 0.535240
vt 0.557362 0.548958
vt 0.547320 0.413121
vt 0.571079 0.413121
vt 0.559200 0.536581
vt 0.535440 0.536581
vt 0.559200 0.518339
vt 0.535440 0.504621
vt 0.521722 0.528381
vt 0.545482 0.542099
vt 0.557362 0.413121
vt 0.533602 0.413121
vt 0.521722 0.536581
vt 0.545482 0.536581
s 0
usemtl _0048_PaleGoldenrod.002
f 473/577/146 468/578/146 469/579/146 472/580/146
f 473/581/147 474/582/147 470/583/147 468/584/147
f 468/585/148 470/586/148 475/587/148 469/588/148
f 472/589/147 471/590/147 475/591/147 469/592/147
f 474/593/149 473/594/149 472/595/149 471/596/149
f 470/597/150 474/598/150 471/599/150 475/600/150
f 476/601/147 490/602/147 482/603/147 493/604/147 495/605/147 498/606/147 499/607/147
f 490/608/151 476/609/151 500/610/151 492/611/151
f 482/612/152 490/613/152 492/614/152 491/615/152
f 493/616/153 482/612/153 491/615/153 494/617/153
f 495/618/154 493/619/154 494/620/154 501/621/154
f 498/622/155 495/618/155 501/621/155 496/623/155
f 499/612/156 498/616/156 496/617/156 497/615/156
f 476/613/157 499/612/157 497/615/157 500/614/157
f 492/602/158 500/601/158 497/607/158 496/606/158 501/605/158 494/604/158 491/603/158
f 503/624/159 504/625/159 505/626/159 502/627/159
f 508/628/147 506/629/147 504/630/147 503/631/147
f 504/632/160 506/633/160 507/634/160 505/635/160
f 509/636/147 507/637/147 505/638/147 502/639/147
f 508/633/161 503/632/161 502/635/161 509/634/161
f 506/625/162 508/624/162 509/627/162 507/626/162
f 510/640/163 512/641/163 511/600/163 515/642/163
f 513/643/147 512/644/147 510/645/147 516/646/147
f 512/647/164 513/648/164 517/649/164 511/650/164
f 517/651/147 511/652/147 515/653/147 514/654/147
f 516/655/165 510/656/165 515/657/165 514/658/165
f 513/578/166 516/577/166 514/580/166 517/579/166
o Table_Large
v 3.400000 0.600000 4.900000
v 3.300000 0.600000 4.900000
v 3.300000 0.600000 4.800000
v 3.400000 0.600000 4.800000
v 2.600000 0.600000 4.900000
v 2.700000 0.600000 4.800000
v 2.700000 0.600000 3.700000
v 2.600000 0.600000 3.700000
v 2.700000 0.600000 3.600000
v 3.300000 0.600000 3.700000
v 3.300000 0.600000 3.600000
v 2.600000 0.600000 4.800000
v 2.700000 0.600000 4.900000
v 2.600000 0.600000 3.600000
v 3.400000 0.600000 3.600000
v 3.400000 0.600000 3.700000
v 2.500000 0.600000 5.000000
v 3.500000 0.675000 5.000000
v 2.500000 0.675000 5.000000
v 3.500000 0.600000 5.000000
v 3.500000 0.600000 3.500000
v 2.500000 0.600000 3.500000
v 3.500000 0.675000 3.500000
v 2.500000 0.675000 3.500000
v 2.600000 0.000000 3.600000
v 2.600000 0.000000 3.700000
v 2.600000 0.600000 3.700000
v 2.700000 0.600000 3.700000
v 2.700000 0.000000 3.700000
v 2.600000 0.600000 3.600000
v 2.700000 0.000000 3.600000
v 2.700000 0.600000 3.600000
v 2.700000 0.000000 4.900000
v 2.700000 0.600000 4.800000
v 2.600000 0.600000 4.800000
v 2.700000 0.000000 4.800000
v 2.700000 0.600000 4.900000
v 2.600000 0.600000 4.900000
v 2.600000 0.000000 4.800000
v 2.600000 0.000000 4.900000
v 3.400000 0.000000 4.900000
v 3.400000 0.600000 4.800000
v 3.300000 0.600000 4.800000
v 3.400000 0.000000 4.800000
v 3.400000 0.600000 4.900000
v 3.300000 0.600000 4.900000
v 3.300000 0.000000 4.800000
v 3.300000 0.000000 4.900000
v 3.400000 0.000000 3.700000
v 3.400000 0.600000 3.600000
v 3.300000 0.600000 3.600000
v 3.400000 0.000000 3.600000
v 3.400000 0.600000 3.700000
v 3.300000 0.600000 3.700000
v 3.300000 0.000000 3.600000
v 3.300000 0.000000 3.700000
vn -0.0000 -1.0000 -0.0000
vn -0.0000 -0.0000 1.0000
vn -1.0000 -0.0000 -0.0000
vn -0.0000 -0.0000 -1.0000
vn 1.0000 -0.0000 -0.0000
vn -0.0000 1.0000 -0.0000
vt 0.911532 0.774355
vt 0.911532 0.225645
vt 0.088468 0.225645
vt 0.088468 0.774355
vt 0.311645 0.774355
vt 0.311645 0.225645
vt 0.352798 0.225645
vt 0.352798 0.774355
vt -0.079311 0.520577
vt 0.743754 0.520577
vt 0.743754 0.479423
vt -0.079311 0.479423
vt 0.856661 0.317976
vt 0.801790 0.317976
vt 0.801790 0.647202
vt 0.856661 0.647202
vt 0.280516 0.856661
vt 0.335387 0.856661
vt 0.335387 0.801790
vt 0.280516 0.801790
vt 0.280516 0.317976
vt 0.335387 0.317976
vt 0.335387 0.647202
vt 0.280516 0.647202
vt 0.280516 0.198210
vt 0.335387 0.198210
vt 0.335387 0.143339
vt 0.280516 0.143339
vt 0.143339 0.317976
vt 0.198210 0.317976
vt 0.198210 0.647202
vt 0.143339 0.647202
vt 0.664613 0.198210
vt 0.719484 0.198210
vt 0.719484 0.143339
vt 0.664613 0.143339
vt 0.719484 0.317976
vt 0.664613 0.317976
vt 0.664613 0.647202
vt 0.719484 0.647202
vt 0.664613 0.856661
vt 0.719484 0.856661
vt 0.719484 0.801790
vt 0.664613 0.801790
s 0
usemtl _0048_PaleGoldenrod.002
f 537/659/167 534/660/167 539/661/167 538/662/167
f 534/663/168 537/664/168 535/665/168 536/666/168
f 539/667/169 534/668/169 536/669/169 541/670/169
f 538/664/170 539/663/170 541/666/170 540/665/170
f 537/668/171 538/667/171 540/670/171 535/669/171
f 540/662/172 541/661/172 536/660/172 535/659/172
f 542/671/169 543/672/169 544/673/169 547/674/169
f 542/675/167 548/676/167 546/677/167 543/678/167
f 543/679/168 546/680/168 545/681/168 544/682/168
f 548/680/170 542/679/170 547/682/170 549/681/170
f 546/672/171 548/671/171 549/674/171 545/673/171
f 556/683/167 553/684/167 550/685/167 557/686/167
f 553/680/170 556/679/170 552/682/170 551/681/170
f 550/687/171 553/688/171 551/689/171 554/690/171
f 557/679/168 550/680/168 554/681/168 555/682/168
f 556/688/169 557/687/169 555/690/169 552/689/169
f 564/691/167 561/692/167 558/693/167 565/694/167
f 561/695/170 564/696/170 560/697/170 559/698/170
f 558/687/171 561/688/171 559/689/171 562/690/171
f 565/696/168 558/695/168 562/698/168 563/697/168
f 564/688/169 565/687/169 563/690/169 560/689/169
f 572/699/167 569/700/167 566/701/167 573/702/167
f 569/695/170 572/696/170 568/697/170 567/698/170
f 566/672/171 569/671/171 567/674/171 570/673/171
f 573/696/168 566/695/168 570/698/168 571/697/168
f 572/671/169 573/672/169 571/673/169 568/674/169
o Table_Small
v 2.000000 0.675000 5.000000
v 2.000000 0.600000 4.000000
v 1.175000 0.600000 4.900000
v 1.100000 0.600000 4.825000
v 1.175000 0.600000 4.825000
v 1.900000 0.600000 4.175000
v 1.825000 0.600000 4.175000
v 1.825000 0.600000 4.100000
v 1.900000 0.600000 4.100000
v 1.900000 0.600000 4.900000
v 1.825000 0.600000 4.900000
v 1.825000 0.600000 4.825000
v 1.900000 0.600000 4.825000
v 1.175000 0.600000 4.175000
v 1.100000 0.600000 4.175000
v 1.100000 0.600000 4.100000
v 1.175000 0.600000 4.100000
v 1.000000 0.600000 5.000000
v 1.100000 0.600000 4.900000
v 2.000000 0.675000 4.000000
v 1.000000 0.600000 4.000000
v 1.000000 0.675000 4.000000
v 2.000000 0.600000 5.000000
v 1.000000 0.675000 5.000000
v 1.900000 0.600000 4.100000
v 1.825000 0.000000 4.100000
v 1.900000 0.000000 4.100000
v 1.825000 0.600000 4.100000
v 1.825000 0.600000 4.175000
v 1.825000 0.000000 4.175000
v 1.900000 0.000000 4.175000
v 1.900000 0.600000 4.175000
v 1.175000 0.600000 4.100000
v 1.100000 0.000000 4.100000
v 1.175000 0.000000 4.100000
v 1.100000 0.600000 4.100000
v 1.100000 0.600000 4.175000
v 1.100000 0.000000 4.175000
v 1.175000 0.000000 4.175000
v 1.175000 0.600000 4.175000
v 1.175000 0.600000 4.825000
v 1.100000 0.000000 4.825000
v 1.175000 0.000000 4.825000
v 1.100000 0.600000 4.825000
v 1.100000 0.600000 4.900000
v 1.100000 0.000000 4.900000
v 1.175000 0.000000 4.900000
v 1.175000 0.600000 4.900000
v 1.825000 0.000000 4.825000
v 1.825000 0.000000 4.900000
v 1.825000 0.600000 4.900000
v 1.900000 0.600000 4.900000
v 1.900000 0.000000 4.900000
v 1.825000 0.600000 4.825000
v 1.900000 0.000000 4.825000
v 1.900000 0.600000 4.825000
vn 1.0000 -0.0000 -0.0000
vn -0.0000 -0.0000 -1.0000
vn -0.0000 1.0000 -0.0000
vn -0.0000 -0.0000 1.0000
vn -1.0000 -0.0000 -0.0000
vn -0.0000 -1.0000 -0.0000
vt 0.520577 0.393424
vt 0.520577 0.942133
vt 0.479423 0.942133
vt 0.479423 0.393424
vt 0.774355 0.647202
vt 0.225645 0.647202
vt 0.225645 0.688355
vt 0.774355 0.688355
vt 0.774355 0.774355
vt 0.225645 0.774355
vt 0.225645 0.225645
vt 0.774355 0.225645
vt 0.719484 0.317976
vt 0.678331 0.317976
vt 0.678331 0.647202
vt 0.719484 0.647202
vt 0.678331 0.719484
vt 0.719484 0.719484
vt 0.719484 0.678331
vt 0.678331 0.678331
vt 0.719484 0.317976
vt 0.678331 0.317976
vt 0.678331 0.647202
vt 0.719484 0.647202
vt 0.321669 0.317976
vt 0.280516 0.317976
vt 0.280516 0.647202
vt 0.321669 0.647202
vt 0.280516 0.719484
vt 0.321669 0.719484
vt 0.321669 0.678331
vt 0.280516 0.678331
vt 0.280516 0.321669
vt 0.321669 0.321669
vt 0.321669 0.280516
vt 0.280516 0.280516
vt 0.280516 0.317976
vt 0.280516 0.647202
vt 0.678331 0.321669
vt 0.719484 0.321669
vt 0.719484 0.280516
vt 0.678331 0.280516
s 0
usemtl _0048_PaleGoldenrod.002
f 596/703/173 575/704/173 593/705/173 574/706/173
f 575/707/174 594/708/174 595/709/174 593/710/174
f 593/711/175 595/712/175 597/713/175 574/714/175
f 591/708/176 596/707/176 574/710/176 597/709/176
f 594/704/177 591/703/177 597/706/177 595/705/177
f 596/714/178 591/713/178 594/712/178 575/711/178
f 600/715/174 599/716/174 601/717/174 598/718/174
f 599/719/178 600/720/178 604/721/178 603/722/178
f 599/723/177 603/724/177 602/725/177 601/726/177
f 604/724/173 600/723/173 598/726/173 605/725/173
f 603/716/176 604/715/176 605/718/176 602/717/176
f 608/727/174 607/728/174 609/729/174 606/730/174
f 607/731/178 608/732/178 612/733/178 611/734/178
f 607/723/177 611/724/177 610/725/177 609/726/177
f 612/724/173 608/723/173 606/726/173 613/725/173
f 611/728/176 612/727/176 613/730/176 610/729/176
f 616/727/174 615/728/174 617/729/174 614/730/174
f 615/735/178 616/736/178 620/737/178 619/738/178
f 615/727/177 619/739/177 618/740/177 617/730/177
f 620/739/173 616/727/173 614/730/173 621/740/173
f 619/728/176 620/727/176 621/730/176 618/729/176
f 622/727/177 623/739/177 624/740/177 627/730/177
f 622/741/178 628/742/178 626/743/178 623/744/178
f 623/716/176 626/715/176 625/718/176 624/717/176
f 628/715/174 622/716/174 627/717/174 629/718/174
f 626/739/173 628/727/173 629/730/173 625/740/173
o Trestle
v 8.600000 0.000000 5.000000
v 8.549960 0.000000 4.947128
v 8.587500 0.323096 4.836064
v 8.600000 0.373096 4.818877
v 8.600000 0.646191 4.725000
v 8.600000 0.000000 4.947128
v 8.549960 0.323096 4.836064
v 8.549960 0.373096 4.818877
v 8.549960 0.800000 4.725000
v 8.549960 0.000000 5.000000
v 8.562500 0.323096 4.563936
v 8.600000 0.323096 4.836064
v 8.562500 0.373096 4.818877
v 8.587500 0.373096 4.818877
v 8.600000 0.800000 4.725000
v 9.200000 0.800000 4.675000
v 8.500000 0.800000 4.675000
v 8.549960 0.646191 4.725000
v 8.500000 0.800000 4.725000
v 8.562500 0.373096 4.581123
v 8.562500 0.323096 4.836064
v 8.549960 0.000000 4.452871
v 8.549960 0.323096 4.563936
v 8.600000 0.323096 4.563936
v 9.300000 0.646191 4.725000
v 9.250040 0.646191 4.675000
v 9.200000 0.373096 4.818877
v 9.200000 0.800000 4.725000
v 9.300000 0.800000 4.675000
v 9.300000 0.800000 4.725000
v 9.300000 0.646191 4.675000
v 9.250040 0.800000 4.675000
v 8.500000 0.646191 4.675000
v 8.500000 0.646191 4.725000
v 9.200000 0.000000 5.000000
v 9.250040 0.000000 5.000000
v 9.250040 0.646191 4.725000
v 8.549960 0.373096 4.581123
v 8.600000 0.000000 4.400000
v 8.600000 0.800000 4.675000
v 8.600000 0.000000 4.452871
v 8.587500 0.373096 4.581123
v 8.587500 0.323096 4.563936
v 8.600000 0.373096 4.581123
v 8.549960 0.646191 4.675000
v 8.549960 0.000000 4.400000
v 8.549960 0.800000 4.675000
v 9.200000 0.646191 4.725000
v 9.250040 0.373096 4.818877
v 9.212500 0.373096 4.818877
v 9.237500 0.373096 4.818877
v 8.600000 0.646191 4.675000
v 9.200000 0.000000 4.947128
v 9.212500 0.323096 4.836064
v 9.200000 0.323096 4.836064
v 9.250040 0.000000 4.947128
v 9.250040 0.323096 4.836064
v 9.237500 0.323096 4.836064
v 9.250040 0.323096 4.563936
v 9.250040 0.000000 4.452871
v 9.250040 0.000000 4.400000
v 9.200000 0.000000 4.400000
v 9.200000 0.323096 4.563936
v 9.200000 0.646191 4.675000
v 9.250040 0.800000 4.725000
v 9.212500 0.373096 4.581123
v 9.250040 0.373096 4.581123
v 9.237500 0.373096 4.581123
v 9.200000 0.373096 4.581123
v 9.212500 0.323096 4.563936
v 9.237500 0.323096 4.563936
v 9.200000 0.000000 4.452871
vn -0.0000 -1.0000 -0.0000
vn -0.0000 -0.3251 -0.9457
vn 1.0000 -0.0000 -0.0000
vn -0.0000 0.3251 0.9457
vn -1.0000 -0.0000 -0.0000
vn -0.0000 -0.0000 1.0000
vn -0.0000 1.0000 -0.0000
vn -0.0000 -0.3251 0.9457
vn -0.0000 -0.0000 -1.0000
vn -0.0000 0.3251 -0.9457
vt 0.307437 0.364891
vt 0.334895 0.364891
vt 0.334895 0.335879
vt 0.307437 0.335879
vt 0.314318 0.458568
vt 0.328036 0.458568
vt 0.334895 0.458568
vt 0.334895 0.281282
vt 0.307437 0.281282
vt 0.307437 0.458568
vt 0.414331 0.251365
vt 0.441753 0.260834
vt 0.441498 0.448301
vt 0.441459 0.477312
vt 0.441244 0.635769
vt 0.413700 0.715544
vt 0.334895 0.720249
vt 0.307437 0.720249
vt 0.314318 0.425833
vt 0.314318 0.575152
vt 0.328036 0.575152
vt 0.328036 0.425833
vt 0.328036 0.486003
vt 0.334895 0.486003
vt 0.314318 0.486003
vt 0.307437 0.486003
vt 0.307437 0.635853
vt 0.334895 0.635853
vt 0.387692 0.438899
vt 0.472088 0.438899
vt 0.472088 0.768125
vt 0.387692 0.768125
vt 0.621167 0.822996
vt 0.593731 0.822996
vt 0.593731 0.795582
vt 0.593731 0.768125
vt 0.593731 0.438899
vt 0.593731 0.411442
vt 0.593731 0.384028
vt 0.621167 0.384028
vt 0.621167 0.411442
vt 0.621167 0.438899
vt 0.621167 0.768125
vt 0.621167 0.795582
vt 0.280024 0.720249
vt 0.280024 0.635853
vt 0.424848 0.458568
vt 0.434279 0.486003
vt 0.564737 0.486003
vt 0.574167 0.458568
vt 0.314318 0.565721
vt 0.314318 0.435263
vt 0.328036 0.435263
vt 0.328036 0.565721
vt 0.513225 0.720249
vt 0.485790 0.720249
vt 0.485790 0.635853
vt 0.513225 0.635853
vt 0.718992 0.720249
vt 0.718992 0.635853
vt 0.691578 0.635853
vt 0.691578 0.720249
vt 0.664121 0.720249
vt 0.691578 0.281282
vt 0.664121 0.281282
vt 0.307437 0.665105
vt 0.334895 0.665105
vt 0.334895 0.636094
vt 0.307437 0.636094
vt 0.585070 0.659004
vt 0.557846 0.579119
vt 0.558266 0.420663
vt 0.558343 0.391652
vt 0.558840 0.204185
vt 0.586300 0.194827
vt 0.664121 0.635853
vt 0.691578 0.486003
vt 0.684697 0.486003
vt 0.670980 0.486003
vt 0.664121 0.486003
vt 0.664121 0.364890
vt 0.691578 0.364890
vt 0.691578 0.335879
vt 0.664121 0.335879
vt 0.670980 0.458568
vt 0.664121 0.458568
vt 0.684697 0.458568
vt 0.691578 0.458568
vt 0.664121 0.665105
vt 0.691578 0.665105
vt 0.691578 0.636094
vt 0.664121 0.636094
vt 0.684697 0.435263
vt 0.684697 0.565721
vt 0.670980 0.565721
vt 0.670980 0.435263
vt 0.684697 0.575152
vt 0.684697 0.425832
vt 0.670980 0.425832
vt 0.670980 0.575152
s 0
usemtl _0048_PaleGoldenrod.002
f 631/745/179 635/746/179 630/747/179 639/748/179
f 650/749/180 632/750/180 641/751/180 635/752/180 631/753/180 636/754/180
f 630/755/181 635/756/181 641/757/181 633/758/181 634/759/181 644/760/181
f 639/753/182 630/752/182 644/761/182 638/762/182
f 631/756/183 639/755/183 638/760/183 647/759/183 637/758/183 636/757/183
f 650/763/179 640/764/179 672/765/179 632/766/179
f 632/750/180 643/767/180 633/768/180 641/751/180
f 642/769/180 650/749/180 636/754/180 637/770/180
f 647/771/180 634/772/180 633/768/180 643/767/180 642/769/180 637/770/180
f 644/773/184 634/774/184 677/775/184 657/776/184
f 659/777/185 658/778/185 661/779/185 645/780/185 669/781/185 676/782/185 646/783/185 648/784/185 638/785/185 644/786/185 657/787/185 694/788/185
f 648/789/184 663/790/184 647/771/184 638/762/184
f 650/791/183 642/792/183 649/793/183 640/794/183
f 651/753/186 670/752/186 653/751/186 672/750/186 640/749/186 652/754/186
f 672/794/181 671/793/181 643/792/181 632/791/181
f 660/778/179 654/777/179 666/788/179 677/787/179 634/786/179 647/785/179 663/784/179 662/783/179 674/782/179 681/781/179 693/780/179 655/779/179
f 649/795/185 642/796/185 643/797/185 671/798/185
f 682/756/183 664/755/183 657/760/183 677/759/183 656/758/183 684/757/183
f 658/799/181 659/800/181 654/801/181 660/802/181
f 658/803/187 660/804/187 655/805/187 661/806/187
f 645/807/188 661/806/188 690/808/188 691/809/188
f 681/774/187 669/773/187 645/776/187 693/775/187
f 676/762/188 669/761/188 668/752/188 675/753/188
f 662/790/187 646/789/187 676/762/187 674/771/187
f 648/800/183 646/799/183 662/802/183 663/801/183
f 664/809/182 665/808/182 694/806/182 657/807/182
f 654/804/184 659/803/184 694/806/184 666/805/184
f 640/749/186 649/769/186 667/770/186 652/754/186
f 675/810/179 668/811/179 670/812/179 651/813/179
f 669/814/181 681/815/181 673/816/181 653/817/181 670/818/181 668/819/181
f 671/767/186 672/750/186 653/751/186 673/768/186
f 674/815/183 676/814/183 675/819/183 651/818/183 652/817/183 667/816/183
f 677/820/180 666/805/180 678/821/180 680/822/180 679/823/180 656/824/180
f 649/769/186 671/767/186 673/768/186 681/772/186 674/771/186 667/770/186
f 695/823/186 697/822/186 696/821/186 655/805/186 693/820/186 698/824/186
f 682/825/179 685/826/179 665/827/179 664/828/179
f 679/823/180 683/829/180 684/830/180 656/824/180
f 683/829/180 687/831/180 686/832/180 685/808/180 682/809/180 684/830/180
f 661/814/181 655/815/181 696/816/181 688/817/181 689/818/181 690/819/181
f 691/833/179 690/834/179 689/835/179 701/836/179
f 693/815/183 645/814/183 691/819/183 701/818/183 692/817/183 698/816/183
f 665/755/181 685/756/181 686/757/181 678/758/181 666/759/181 694/760/181
f 687/831/180 680/822/180 678/821/180 686/832/180
f 680/837/185 697/838/185 695/839/185 679/840/185
f 697/822/186 700/831/186 688/832/186 696/821/186
f 699/829/186 695/823/186 698/824/186 692/830/186
f 695/793/183 699/794/183 683/791/183 679/792/183
f 700/841/179 687/842/179 683/843/179 699/844/179
f 701/809/186 689/808/186 688/832/186 700/831/186 699/829/186 692/830/186
f 680/792/181 687/791/181 700/794/181 697/793/181
o Trunk
v 7.800000 0.546917 4.697172
v 7.800000 0.522504 4.905625
v 7.800000 0.522504 4.594375
v 7.000000 0.400000 4.500000
v 7.800000 0.400000 4.500000
v 7.800000 0.475000 4.500000
v 7.000000 0.475000 4.500000
v 7.000000 0.546917 4.697172
v 7.800000 0.546917 4.802828
v 7.000000 0.546917 4.802828
v 7.800000 0.400000 5.000000
v 7.000000 0.400000 5.000000
v 7.000000 0.475000 5.000000
v 7.800000 0.475000 5.000000
v 7.000000 0.522504 4.594375
v 7.000000 0.522504 4.905625
v 7.000000 0.000000 5.000000
v 7.800000 0.000000 5.000000
v 7.000000 0.400000 5.000000
v 7.800000 0.400000 5.000000
v 7.800000 0.000000 4.500000
v 7.000000 0.000000 4.500000
v 7.000000 0.400000 4.500000
v 7.800000 0.400000 4.500000
v 7.100000 0.475000 4.500000
v 7.100000 0.546917 4.802828
v 7.100000 0.475000 5.000000
v 7.100000 0.400000 4.500000
v 7.100000 0.522504 4.594375
v 7.100000 0.546917 4.697172
v 7.100000 0.522504 4.905625
v 7.100000 0.400000 5.000000
v 7.701506 0.475000 5.000000
v 7.701506 0.400000 4.500000
v 7.701506 0.400000 5.000000
v 7.701506 0.475000 4.500000
v 7.701506 0.546917 4.802828
v 7.701506 0.522504 4.594375
v 7.701506 0.546917 4.697172
v 7.701506 0.522504 4.905625
vn 1.0000 -0.0000 -0.0000
vn -0.0000 -0.0000 -1.0000
vn -0.0000 0.8932 -0.4496
vn -0.0000 0.9729 -0.2311
vn -0.0000 1.0000 -0.0000
vn -0.0000 0.9729 0.2311
vn -0.0000 0.8932 0.4496
vn -0.0000 -0.0000 1.0000
vn -1.0000 -0.0000 -0.0000
vn -0.0000 -1.0000 -0.0000
vt 0.453628 0.187500
vt 0.547378 0.187500
vt 0.606758 0.305468
vt 0.637274 0.433965
vt 0.637274 0.566035
vt 0.606758 0.694532
vt 0.547378 0.812500
vt 0.453628 0.812500
vt 0.876412 0.453628
vt 0.876412 0.547378
vt 0.999529 0.547378
vt 0.999529 0.453628
vt 0.124530 0.305468
vt 0.124530 0.187500
vt -0.000470 0.187500
vt -0.000470 0.305468
vt 0.124530 0.433965
vt -0.000470 0.433965
vt 0.124530 0.566035
vt -0.000470 0.566035
vt 0.124530 0.694532
vt -0.000470 0.694532
vt 0.124530 0.812500
vt -0.000470 0.812500
vt 0.124530 0.547378
vt -0.000470 0.547378
vt -0.000470 0.453628
vt 0.124530 0.453628
vt -0.000471 -0.046372
vt 0.999529 -0.046372
vt 0.999529 0.453628
vt -0.000471 0.453628
vt -0.000471 0.812500
vt -0.000471 0.187500
vt 0.999529 0.187500
vt 0.999529 0.812500
vt -0.046372 0.812500
vt -0.046372 0.187500
vt 0.453628 0.187500
vt 0.453628 0.812500
vt -0.000471 0.453628
vt 0.999529 0.453628
vt 0.876412 0.453628
vt 0.876412 0.812500
vt 0.876412 0.694532
vt 0.876412 0.566035
vt 0.876412 0.433965
vt 0.876412 0.305468
vt 0.876412 0.187500
vt -0.000470 0.453628
vt 0.124530 0.453628
vt 0.999529 0.305468
vt 0.999529 0.187500
vt 0.999529 0.433965
vt 0.999529 0.566035
vt 0.999529 0.694532
vt 0.999529 0.812500
vt 0.999529 0.453628
s 0
usemtl _0048_PaleGoldenrod.002
f 718/873/196 719/874/196 721/875/196 720/876/196
f 718/877/198 723/878/198 722/879/198 719/880/198
f 719/881/189 722/882/189 725/883/189 721/884/189
f 723/882/197 718/881/197 720/884/197 724/883/197
f 722/874/190 723/873/190 724/885/190 725/886/190
usemtl _0125_Plum.002
f 706/845/189 707/846/189 704/847/189 702/848/189 710/849/189 703/850/189 715/851/189 712/852/189
f 713/852/197 714/851/197 717/850/197 711/849/197 709/848/197 716/847/197 708/846/197 705/845/197
f 734/854/196 728/869/196 733/872/196 736/887/196
f 734/888/195 741/889/195 732/865/195 728/867/195
f 741/889/194 738/890/194 727/863/194 732/865/194
f 738/890/193 740/891/193 731/861/193 727/863/193
f 740/891/192 739/892/192 730/857/192 731/861/192
f 739/892/191 737/893/191 726/858/191 730/857/191
f 729/895/190 726/869/190 737/854/190 735/853/190
usemtl Material.001
f 735/853/190 737/854/190 707/855/190 706/856/190
f 730/857/191 726/858/191 708/859/191 716/860/191
f 731/861/192 730/857/192 716/860/192 709/862/192
f 727/863/193 731/861/193 709/862/193 711/864/193
f 732/865/194 727/863/194 711/864/194 717/866/194
f 728/867/195 732/865/195 717/866/195 714/868/195
f 728/869/196 714/870/196 713/871/196 733/872/196
f 705/894/190 708/870/190 726/869/190 729/895/190
f 704/896/191 707/897/191 737/893/191 739/892/191
f 702/898/192 704/896/192 739/892/192 740/891/192
f 710/899/193 702/898/193 740/891/193 738/890/193
f 703/900/194 710/899/194 738/890/194 741/889/194
f 715/901/195 703/900/195 741/889/195 734/888/195
f 715/855/196 734/854/196 736/887/196 712/902/196
o Wall_A_Door
v -11.000000 1.100000 2.000000
v -10.600000 1.100000 2.000000
v -10.600000 2.100000 2.000000
v -9.000000 1.100000 2.000000
v -9.000000 2.500000 2.000000
v -11.000000 2.500000 2.000000
v -10.600000 2.100000 1.500000
v -10.600000 1.100000 1.500000
v -9.000000 2.500000 1.500000
v -9.000000 1.100000 1.500000
v -9.400000 1.100000 1.500000
v -9.400000 2.100000 1.500000
v -9.400000 1.100000 2.000000
v -9.400000 2.100000 2.000000
v -11.000000 2.500000 1.500000
v -11.000000 1.100000 1.500000
v -9.000000 -1.000000 2.000000
v -9.400000 -1.000000 2.000000
v -9.400000 -1.000000 1.500000
v -9.400000 1.100000 1.500000
v -9.000000 1.100000 1.500000
v -9.000000 -1.000000 1.500000
v -9.400000 1.100000 2.000000
v -9.000000 1.100000 2.000000
v -10.600000 1.100000 2.000000
v -11.000000 1.100000 2.000000
v -10.600000 -1.000000 1.500000
v -10.600000 -1.000000 2.000000
v -11.000000 -1.000000 2.000000
v -11.000000 -1.000000 1.500000
v -11.000000 1.100000 1.500000
v -10.600000 1.100000 1.500000
vn -0.0000 -1.0000 -0.0000
vn -0.0000 -0.0000 1.0000
vn 1.0000 -0.0000 -0.0000
vn -0.0000 -0.0000 -1.0000
vn -1.0000 -0.0000 -0.0000
vn -0.0000 1.0000 -0.0000
vt 1.100000 0.750000
vt -0.100000 0.750000
vt -0.100000 0.250000
vt 1.100000 0.250000
vt -0.500000 0.850000
vt -0.100000 0.850000
vt -0.100000 1.850000
vt 1.100000 1.850000
vt 1.100000 0.850000
vt 1.500000 0.850000
vt 1.500000 2.250000
vt -0.500000 2.250000
vt 1.850000 0.750000
vt 0.850000 0.750000
vt 0.850000 0.250000
vt 1.850000 0.250000
vt 2.250000 0.750000
vt 2.250000 0.250000
vt -0.500000 0.750000
vt 1.500000 0.750000
vt 1.500000 0.250000
vt -0.500000 0.250000
vt 1.100000 0.250000
vt 1.500000 0.250000
vt 1.500000 0.750000
vt 1.100000 0.750000
vt 1.100000 -1.250000
vt 1.100000 0.850000
vt 1.500000 0.850000
vt 1.500000 -1.250000
vt -1.250000 0.250000
vt 0.850000 0.250000
vt 0.850000 0.750000
vt -1.250000 0.750000
vt -0.500000 -1.250000
vt -0.100000 -1.250000
vt -0.100000 0.750000
vt -0.500000 0.750000
vt -0.500000 0.250000
vt -0.100000 0.250000
s 0
usemtl _0048_PaleGoldenrod.002
f 755/903/199 744/904/199 748/905/199 753/906/199
f 742/907/200 743/908/200 744/909/200 755/910/200 754/911/200 745/912/200 746/913/200 747/914/200
f 744/915/201 743/916/201 749/917/201 748/918/201
f 748/909/202 749/908/202 757/907/202 756/914/202 750/913/202 751/912/202 752/911/202 753/910/202
f 753/918/203 752/917/203 754/916/203 755/915/203
f 746/919/201 745/916/201 751/917/201 750/920/201
f 747/921/204 746/922/204 750/923/204 756/924/204
f 756/920/203 757/917/203 742/916/203 747/919/203
usemtl _0125_Plum.002
f 760/925/199 763/926/199 758/927/199 759/928/199
f 760/929/202 761/930/202 762/931/202 763/932/202
f 763/933/201 762/934/201 765/935/201 758/936/201
f 764/930/200 759/929/200 758/932/200 765/931/200
f 759/936/203 764/935/203 761/934/203 760/933/203
f 770/937/200 769/938/200 766/908/200 767/907/200
f 769/939/199 770/940/199 771/941/199 768/942/199
f 768/933/201 773/934/201 766/935/201 769/936/201
f 770/936/203 767/935/203 772/934/203 771/933/203
f 771/937/202 772/907/202 773/908/202 768/938/202
o Wall_A_Plain
v -2.000000 1.100000 2.000000
v -2.000000 1.100000 1.500000
v -2.000000 2.500000 1.500000
v -2.000000 2.500000 2.000000
v 0.000000 1.100000 2.000000
v 0.000000 2.500000 2.000000
v 0.000000 2.500000 1.500000
v 0.000000 1.100000 1.500000
v 0.000000 -1.000000 2.000000
v 0.000000 -1.000000 1.500000
v -2.000000 1.100000 2.000000
v -2.000000 -1.000000 2.000000
v -2.000000 -1.000000 1.500000
v -2.000000 1.100000 1.500000
v 0.000000 1.100000 1.500000
v 0.000000 1.100000 2.000000
vn -1.0000 -0.0000 -0.0000
vn -0.0000 -0.0000 -1.0000
vn -0.0000 -0.0000 1.0000
vn -0.0000 1.0000 -0.0000
vn 1.0000 -0.0000 -0.0000
vn -0.0000 -1.0000 -0.0000
vt 2.250000 0.250000
vt 0.850000 0.250000
vt 0.850000 0.750000
vt 2.250000 0.750000
vt 1.500000 2.250000
vt 1.500000 0.850000
vt -0.500000 0.850000
vt -0.500000 2.250000
vt -0.500000 0.750000
vt 1.500000 0.750000
vt 1.500000 0.250000
vt -0.500000 0.250000
vt 1.500000 0.750000
vt -0.500000 0.750000
vt -0.500000 0.250000
vt 1.500000 0.250000
vt 1.500000 -1.250000
vt 1.500000 0.850000
vt -0.500000 -1.250000
vt -1.250000 0.750000
vt 0.850000 0.750000
vt 0.850000 0.250000
vt -1.250000 0.250000
s 0
usemtl _0048_PaleGoldenrod.002
f 776/943/205 775/944/205 774/945/205 777/946/205
f 780/947/206 781/948/206 775/949/206 776/950/206
f 777/950/207 774/949/207 778/948/207 779/947/207
f 777/951/208 779/952/208 780/953/208 776/954/208
f 779/946/209 778/945/209 781/944/209 780/943/209
usemtl _0125_Plum.002
f 782/955/210 785/956/210 786/957/210 783/958/210
f 782/959/207 789/960/207 784/949/207 785/961/207
f 785/962/205 784/963/205 787/964/205 786/965/205
f 786/961/206 787/949/206 788/960/206 783/959/206
f 783/965/209 788/964/209 789/963/209 782/962/209
o Wall_A_Window_Large
v -7.900000 2.000000 1.500000
v -6.100000 2.000000 1.500000
v -6.000000 1.100000 2.000000
v -6.000000 2.500000 2.000000
v -7.900000 2.000000 2.000000
v -7.900000 1.100000 1.500000
v -8.000000 1.100000 1.500000
v -8.000000 2.500000 1.500000
v -6.000000 2.500000 1.500000
v -6.100000 1.100000 1.500000
v -6.100000 1.100000 2.000000
v -6.100000 2.000000 2.000000
v -6.000000 1.100000 1.500000
v -8.000000 1.100000 2.000000
v -8.000000 2.500000 2.000000
v -7.900000 1.100000 2.000000
v -6.100000 1.100000 2.000000
v -7.900000 1.100000 2.000000
v -8.000000 1.100000 2.000000
v -8.000000 -1.000000 2.000000
v -6.000000 -1.000000 1.500000
v -6.000000 1.100000 1.500000
v -6.000000 1.100000 2.000000
v -8.000000 1.100000 1.500000
v -8.000000 -1.000000 1.500000
v -6.000000 -1.000000 2.000000
v -7.900000 1.100000 1.500000
v -6.100000 1.100000 1.500000
vn -0.0000 -1.0000 -0.0000
vn -0.0000 -0.0000 1.0000
vn 1.0000 -0.0000 -0.0000
vn -0.0000 -0.0000 -1.0000
vn -1.0000 -0.0000 -0.0000
vn -0.0000 1.0000 -0.0000
vt 1.400000 0.750000
vt -0.400000 0.750000
vt -0.400000 0.250000
vt 1.400000 0.250000
vt -0.500000 0.850000
vt -0.400000 0.850000
vt -0.400000 1.750000
vt 1.400000 1.750000
vt 1.400000 0.850000
vt 1.500000 0.850000
vt 1.500000 2.250000
vt -0.500000 2.250000
vt 1.750000 0.750000
vt 0.850000 0.750000
vt 0.850000 0.250000
vt 1.750000 0.250000
vt 2.250000 0.750000
vt 2.250000 0.250000
vt -0.500000 0.750000
vt 1.500000 0.750000
vt 1.500000 0.250000
vt -0.500000 0.250000
vt -0.400000 0.750000
vt 1.400000 0.750000
vt 1.400000 0.250000
vt -0.400000 0.250000
vt 1.500000 -1.250000
vt 1.500000 0.850000
vt 1.400000 0.850000
vt -0.500000 -1.250000
vt -1.250000 0.250000
vt 0.850000 0.250000
vt 0.850000 0.750000
vt -1.250000 0.750000
vt 1.500000 0.750000
vt -0.500000 0.750000
vt -0.500000 0.250000
vt 1.500000 0.250000
s 0
usemtl _0048_PaleGoldenrod.002
f 801/966/211 794/967/211 790/968/211 791/969/211
f 803/970/212 805/971/212 794/972/212 801/973/212 800/974/212 792/975/212 793/976/212 804/977/212
f 794/978/213 805/979/213 795/980/213 790/981/213
f 790/972/214 795/971/214 796/970/214 797/977/214 798/976/214 802/975/214 799/974/214 791/973/214
f 800/979/215 801/978/215 791/981/215 799/980/215
f 793/982/213 792/979/213 802/980/213 798/983/213
f 804/984/216 793/985/216 798/986/216 797/987/216
f 797/983/215 796/980/215 803/979/215 804/982/215
usemtl _0125_Plum.002
f 805/988/216 800/989/216 799/990/216 795/991/216
f 815/992/212 812/993/212 806/994/212 807/971/212 808/970/212 809/995/212
f 810/996/213 811/997/213 812/998/213 815/999/213
f 809/999/215 808/998/215 813/997/215 814/996/215
f 815/1000/211 809/1001/211 814/1002/211 810/1003/211
f 814/995/214 813/970/214 816/971/214 817/994/214 811/993/214 810/992/214
o Wall_A_Window_Small
v -5.000000 -1.000000 1.500000
v -5.000000 1.100000 1.500000
v -4.500000 1.100000 1.500000
v -3.500000 1.100000 1.500000
v -3.000000 1.100000 1.500000
v -3.000000 -1.000000 1.500000
v -3.000000 -1.000000 2.000000
v -5.000000 -1.000000 2.000000
v -3.000000 1.100000 2.000000
v -3.500000 1.100000 2.000000
v -4.500000 1.100000 2.000000
v -5.000000 1.100000 2.000000
v -4.500000 1.100000 1.500000
v -5.000000 1.100000 1.500000
v -3.500000 1.100000 1.500000
v -5.000000 1.100000 2.000000
v -4.500000 2.000000 2.000000
v -3.000000 1.100000 2.000000
v -5.000000 2.500000 2.000000
v -5.000000 2.500000 1.500000
v -4.500000 1.100000 2.000000
v -3.000000 2.500000 2.000000
v -3.000000 1.100000 1.500000
v -3.000000 2.500000 1.500000
v -3.500000 1.100000 2.000000
v -3.500000 2.000000 2.000000
v -4.500000 2.000000 1.500000
v -3.500000 2.000000 1.500000
vn -0.0000 -0.0000 -1.0000
vn -1.0000 -0.0000 -0.0000
vn 1.0000 -0.0000 -0.0000
vn -0.0000 -1.0000 -0.0000
vn -0.0000 -0.0000 1.0000
vn -0.0000 1.0000 -0.0000
vt -0.500000 -1.250000
vt -0.500000 0.850000
vt -0.000000 0.850000
vt 1.000000 0.850000
vt 1.500000 0.850000
vt 1.500000 -1.250000
vt -1.250000 0.750000
vt 0.850000 0.750000
vt 0.850000 0.250000
vt -1.250000 0.250000
vt 1.500000 0.750000
vt -0.500000 0.750000
vt -0.500000 0.250000
vt 1.500000 0.250000
vt 1.500000 -1.250000
vt -0.500000 -1.250000
vt 2.250000 0.250000
vt 0.850000 0.250000
vt 0.850000 0.750000
vt 2.250000 0.750000
vt -0.000000 1.750000
vt -0.000000 0.850000
vt -0.500000 2.250000
vt 1.500000 2.250000
vt 1.500000 0.850000
vt 1.000000 0.850000
vt 1.000000 1.750000
vt -0.500000 0.750000
vt 1.500000 0.750000
vt 1.500000 0.250000
vt -0.500000 0.250000
vt 1.750000 0.750000
vt 1.750000 0.250000
vt 1.000000 0.750000
vt -0.000000 0.750000
vt -0.000000 0.250000
vt 1.000000 0.250000
vt -0.000000 0.750000
vt 1.000000 0.750000
vt 1.000000 0.250000
vt -0.000000 0.250000
s 0
usemtl _0125_Plum.002
f 818/1004/217 819/1005/217 820/1006/217 821/1007/217 822/1008/217 823/1009/217
f 825/1010/218 829/1011/218 819/1012/218 818/1013/218
f 823/1013/219 822/1012/219 826/1011/219 824/1010/219
f 824/1014/220 825/1015/220 818/1016/220 823/1017/220
f 824/1018/221 826/1008/221 827/1007/221 828/1006/221 829/1005/221 825/1019/221
f 838/1041/222 842/1042/222 832/1043/222 830/1044/222
usemtl _0048_PaleGoldenrod.002
f 837/1020/218 831/1021/218 833/1022/218 836/1023/218
f 844/1024/217 830/1025/217 831/1005/217 837/1026/217 841/1027/217 840/1028/217 832/1029/217 845/1030/217
f 833/1005/221 838/1025/221 834/1024/221 843/1030/221 842/1029/221 835/1028/221 839/1027/221 836/1026/221
f 836/1031/222 839/1032/222 841/1033/222 837/1034/222
f 834/1035/219 838/1022/219 830/1021/219 844/1036/219
f 839/1023/219 835/1022/219 840/1021/219 841/1020/219
f 842/1022/218 843/1035/218 845/1036/218 832/1021/218
f 843/1037/220 834/1038/220 844/1039/220 845/1040/220
o Wall_B
v -2.000000 1.100000 -0.400000
v 0.000000 2.500000 -0.400000
v -2.000000 2.500000 -0.400000
v -2.000000 2.500000 -0.100000
v -2.000000 1.100000 -0.100000
v 0.000000 2.500000 -0.100000
v 0.000000 1.100000 -0.100000
v 0.000000 1.100000 -0.400000
v 0.000000 1.100000 0.000000
v -2.000000 -1.000000 0.000000
v -2.000000 1.100000 0.000000
v -2.000000 -1.000000 -0.500000
v 0.000000 -1.000000 -0.500000
v 0.000000 1.100000 -0.500000
v 0.000000 1.100000 -0.100000
v 0.000000 -1.000000 0.000000
v -2.000000 1.100000 -0.100000
v -2.000000 1.100000 -0.500000
v -2.000000 1.100000 -0.400000
v 0.000000 1.100000 -0.400000
vn -1.0000 -0.0000 -0.0000
vn -0.0000 1.0000 -0.0000
vn -0.0000 -0.0000 -1.0000
vn -0.0000 -0.0000 1.0000
vn 1.0000 -0.0000 -0.0000
vn -0.0000 -1.0000 -0.0000
vt 2.250000 0.650000
vt 2.250000 0.350000
vt 0.850000 0.350000
vt 0.850000 0.650000
vt -0.500000 0.350000
vt -0.500000 0.650000
vt 1.500000 0.650000
vt 1.500000 0.350000
vt 1.500000 2.250000
vt 1.500000 0.850000
vt -0.500000 0.850000
vt -0.500000 2.250000
vt 1.500000 0.750000
vt -0.500000 0.750000
vt -0.500000 0.250000
vt 1.500000 0.250000
vt 1.500000 -1.250000
vt 1.500000 0.850000
vt -0.500000 -1.250000
vt -1.250000 0.750000
vt 0.850000 0.750000
vt 0.850000 0.350000
vt 0.850000 0.250000
vt -1.250000 0.250000
vt -0.500000 0.750000
vt 1.500000 0.750000
vt 1.500000 0.650000
vt -0.500000 0.650000
vt 1.500000 0.250000
vt -0.500000 0.250000
vt -0.500000 0.350000
vt 1.500000 0.350000
s 0
usemtl _0048_PaleGoldenrod.002
f 849/1045/223 848/1046/223 846/1047/223 850/1048/223
f 848/1049/224 849/1050/224 851/1051/224 847/1052/224
f 847/1053/225 853/1054/225 846/1055/225 848/1056/225
f 849/1056/226 850/1055/226 852/1054/226 851/1053/226
f 847/1046/227 851/1045/227 852/1048/227 853/1047/227
usemtl _0125_Plum.002
f 861/1057/228 855/1058/228 857/1059/228 858/1060/228
f 861/1061/226 854/1062/226 856/1055/226 855/1063/226
f 855/1064/223 856/1065/223 862/1048/223 864/1066/223 863/1067/223 857/1068/223
f 857/1063/225 863/1055/225 859/1062/225 858/1061/225
f 858/1068/227 859/1067/227 865/1066/227 860/1048/227 854/1065/227 861/1064/227
f 856/1069/224 854/1070/224 860/1071/224 862/1072/224
f 859/1073/224 863/1074/224 864/1075/224 865/1076/224
o Wall_B_Door
v -10.600000 2.100000 -0.100000
v -9.400000 2.100000 -0.100000
v -10.600000 1.100000 -0.100000
v -9.400000 1.100000 -0.100000
v -9.000000 1.100000 -0.100000
v -9.000000 2.500000 -0.100000
v -11.000000 2.500000 -0.100000
v -10.600000 1.100000 -0.400000
v -10.600000 2.100000 -0.400000
v -11.000000 1.100000 -0.400000
v -11.000000 2.500000 -0.400000
v -9.000000 2.500000 -0.400000
v -9.400000 1.100000 -0.400000
v -9.400000 2.100000 -0.400000
v -9.000000 1.100000 -0.400000
v -11.000000 1.100000 -0.100000
v -9.400000 -1.000000 -0.500000
v -9.000000 -1.000000 -0.500000
v -9.000000 1.100000 -0.500000
v -9.000000 1.100000 -0.100000
v -9.000000 -1.000000 0.000000
v -9.400000 -1.000000 0.000000
v -9.400000 1.100000 0.000000
v -9.400000 1.100000 -0.500000
v -9.400000 1.100000 -0.400000
v -9.000000 1.100000 -0.400000
v -9.000000 1.100000 0.000000
v -9.400000 1.100000 -0.100000
v -11.000000 -1.000000 0.000000
v -10.600000 -1.000000 -0.500000
v -10.600000 1.100000 0.000000
v -10.600000 -1.000000 0.000000
v -11.000000 1.100000 0.000000
v -10.600000 1.100000 -0.100000
v -11.000000 1.100000 -0.100000
v -11.000000 1.100000 -0.500000
v -11.000000 -1.000000 -0.500000
v -10.600000 1.100000 -0.500000
v -11.000000 1.100000 -0.400000
v -10.600000 1.100000 -0.400000
vn -0.0000 -1.0000 -0.0000
vn -1.0000 -0.0000 -0.0000
vn -0.0000 -0.0000 1.0000
vn 1.0000 -0.0000 -0.0000
vn -0.0000 -0.0000 -1.0000
vn -0.0000 1.0000 -0.0000
vt 1.100000 0.350000
vt 1.100000 0.650000
vt -0.100000 0.650000
vt -0.100000 0.350000
vt 1.850000 0.650000
vt 1.850000 0.350000
vt 0.850000 0.350000
vt 0.850000 0.650000
vt -0.500000 0.850000
vt -0.100000 0.850000
vt -0.100000 1.850000
vt 1.100000 1.850000
vt 1.100000 0.850000
vt 1.500000 0.850000
vt 1.500000 2.250000
vt -0.500000 2.250000
vt 2.250000 0.350000
vt 2.250000 0.650000
vt -0.500000 0.350000
vt -0.500000 0.650000
vt 1.500000 0.650000
vt 1.500000 0.350000
vt 1.100000 0.250000
vt 1.500000 0.250000
vt 1.500000 0.750000
vt 1.100000 0.750000
vt 1.100000 -1.250000
vt 1.100000 0.850000
vt 1.500000 0.850000
vt 1.500000 -1.250000
vt -1.250000 0.250000
vt 0.850000 0.250000
vt 0.850000 0.350000
vt 0.850000 0.750000
vt -1.250000 0.750000
vt 1.500000 0.250000
vt 1.100000 0.250000
vt 1.100000 0.350000
vt 1.500000 0.350000
vt 1.100000 0.750000
vt 1.500000 0.750000
vt 1.500000 0.650000
vt 1.100000 0.650000
vt -0.500000 -1.250000
vt -0.100000 -1.250000
vt -0.100000 0.750000
vt -0.500000 0.750000
vt -0.500000 0.250000
vt -0.100000 0.250000
vt -0.500000 0.750000
vt -0.100000 0.750000
vt -0.100000 0.650000
vt -0.500000 0.650000
vt -0.100000 0.250000
vt -0.500000 0.250000
vt -0.500000 0.350000
vt -0.100000 0.350000
s 0
usemtl _0048_PaleGoldenrod.002
f 879/1077/229 867/1078/229 866/1079/229 874/1080/229
f 867/1081/230 879/1082/230 878/1083/230 869/1084/230
f 881/1085/231 868/1086/231 866/1087/231 867/1088/231 869/1089/231 870/1090/231 871/1091/231 872/1092/231
f 874/1082/232 866/1081/232 868/1084/232 873/1083/232
f 874/1087/233 873/1086/233 875/1085/233 876/1092/233 877/1091/233 880/1090/233 878/1089/233 879/1088/233
f 877/1093/232 871/1094/232 870/1084/232 880/1083/232
f 876/1095/234 872/1096/234 871/1097/234 877/1098/234
f 872/1094/230 876/1093/230 875/1083/230 881/1084/230
usemtl _0125_Plum.002
f 882/1099/229 883/1100/229 886/1101/229 887/1102/229
f 882/1103/233 889/1104/233 884/1105/233 883/1106/233
f 883/1107/232 884/1108/232 891/1109/232 885/1084/232 892/1110/232 886/1111/232
f 888/1104/231 887/1103/231 886/1106/231 892/1105/231
f 887/1111/230 888/1110/230 893/1084/230 890/1109/230 889/1108/230 882/1107/230
f 884/1112/234 889/1113/234 890/1114/234 891/1115/234
f 888/1116/234 892/1117/234 885/1118/234 893/1119/234
f 894/1120/231 897/1121/231 896/1086/231 898/1085/231
f 897/1122/229 894/1123/229 902/1124/229 895/1125/229
f 895/1107/232 903/1108/232 905/1109/232 899/1084/232 896/1110/232 897/1111/232
f 898/1126/234 896/1127/234 899/1128/234 900/1129/234
f 894/1111/230 898/1110/230 900/1084/230 904/1109/230 901/1108/230 902/1107/230
f 902/1120/233 901/1085/233 903/1086/233 895/1121/233
f 903/1130/234 901/1131/234 904/1132/234 905/1133/234
o Wall_B_Window_Large
v -7.900000 2.000000 -0.100000
v -6.100000 2.000000 -0.400000
v -7.900000 1.100000 -0.100000
v -6.100000 2.000000 -0.100000
v -6.100000 1.100000 -0.100000
v -6.000000 1.100000 -0.100000
v -6.000000 2.500000 -0.100000
v -8.000000 2.500000 -0.100000
v -7.900000 1.100000 -0.400000
v -7.900000 2.000000 -0.400000
v -8.000000 1.100000 -0.400000
v -8.000000 2.500000 -0.400000
v -6.000000 2.500000 -0.400000
v -6.100000 1.100000 -0.400000
v -6.000000 1.100000 -0.400000
v -8.000000 1.100000 -0.100000
v -6.000000 1.100000 0.000000
v -6.100000 1.100000 0.000000
v -7.900000 1.100000 0.000000
v -8.000000 1.100000 0.000000
v -8.000000 -1.000000 0.000000
v -6.000000 1.100000 -0.500000
v -6.000000 1.100000 -0.100000
v -6.100000 1.100000 -0.100000
v -7.900000 1.100000 -0.400000
v -7.900000 1.100000 -0.100000
v -8.000000 1.100000 -0.100000
v -8.000000 1.100000 -0.400000
v -6.000000 -1.000000 0.000000
v -6.000000 -1.000000 -0.500000
v -8.000000 -1.000000 -0.500000
v -7.900000 1.100000 -0.500000
v -6.100000 1.100000 -0.500000
v -6.100000 1.100000 -0.400000
v -6.000000 1.100000 -0.400000
v -8.000000 1.100000 -0.500000
vn -0.0000 -1.0000 -0.0000
vn -1.0000 -0.0000 -0.0000
vn -0.0000 -0.0000 1.0000
vn 1.0000 -0.0000 -0.0000
vn -0.0000 -0.0000 -1.0000
vn -0.0000 1.0000 -0.0000
vt 1.400000 0.350000
vt 1.400000 0.650000
vt -0.400000 0.650000
vt -0.400000 0.350000
vt 0.850000 0.350000
vt 0.850000 0.650000
vt 1.750000 0.650000
vt 1.750000 0.350000
vt -0.500000 0.850000
vt -0.400000 0.850000
vt -0.400000 1.750000
vt 1.400000 1.750000
vt 1.400000 0.850000
vt 1.500000 0.850000
vt 1.500000 2.250000
vt -0.500000 2.250000
vt 2.250000 0.350000
vt 2.250000 0.650000
vt -0.500000 0.350000
vt -0.500000 0.650000
vt 1.500000 0.650000
vt 1.500000 0.350000
vt 1.500000 -1.250000
vt 1.500000 0.850000
vt 1.400000 0.850000
vt -0.500000 -1.250000
vt -1.250000 0.250000
vt 0.850000 0.250000
vt 0.850000 0.350000
vt 0.850000 0.750000
vt -1.250000 0.750000
vt 1.400000 0.750000
vt 1.500000 0.750000
vt 1.500000 0.650000
vt 1.400000 0.650000
vt -0.400000 0.750000
vt 1.400000 0.350000
vt 1.400000 0.250000
vt -0.400000 0.250000
vt -0.400000 0.350000
vt -0.400000 0.650000
vt -0.500000 0.750000
vt -0.500000 0.650000
vt 1.500000 0.750000
vt -0.500000 0.750000
vt -0.500000 0.250000
vt 1.500000 0.250000
vt 1.500000 0.250000
vt 1.500000 0.350000
vt -0.500000 0.250000
vt -0.500000 0.350000
s 0
usemtl _0048_PaleGoldenrod.002
f 907/1134/235 909/1135/235 906/1136/235 915/1137/235
f 919/1138/236 910/1139/236 909/1140/236 907/1141/236
f 921/1142/237 908/1143/237 906/1144/237 909/1145/237 910/1146/237 911/1147/237 912/1148/237 913/1149/237
f 915/1141/238 906/1140/238 908/1139/238 914/1138/238
f 915/1144/239 914/1143/239 916/1142/239 917/1149/239 918/1148/239 920/1147/239 919/1146/239 907/1145/239
f 918/1150/238 912/1151/238 911/1139/238 920/1138/238
f 917/1152/240 913/1153/240 912/1154/240 918/1155/240
f 913/1151/236 917/1150/236 916/1138/236 921/1139/236
usemtl _0125_Plum.002
f 934/1156/237 922/1157/237 923/1158/237 924/1143/237 925/1142/237 926/1159/237
f 935/1160/238 927/1161/238 940/1162/238 928/1139/238 922/1163/238 934/1164/238
f 923/1165/240 922/1166/240 928/1167/240 929/1168/240
f 924/1169/240 923/1165/240 929/1168/240 939/1170/240 938/1171/240 937/1172/240 930/1173/240 931/1174/240
f 925/1175/240 924/1169/240 931/1174/240 932/1176/240
f 926/1164/236 925/1163/236 932/1139/236 933/1162/236 941/1161/236 936/1160/236
f 934/1177/235 926/1178/235 936/1179/235 935/1180/235
f 936/1159/239 941/1142/239 937/1143/239 938/1158/239 927/1157/239 935/1156/239
f 927/1181/240 938/1171/240 939/1170/240 940/1182/240
f 937/1172/240 941/1183/240 933/1184/240 930/1173/240
o Wall_B_Window_Small
v -3.500000 1.100000 -0.500000
v -3.000000 -1.000000 -0.500000
v -5.000000 1.100000 0.000000
v -5.000000 1.100000 -0.100000
v -5.000000 1.100000 -0.500000
v -5.000000 -1.000000 -0.500000
v -5.000000 1.100000 -0.400000
v -3.500000 1.100000 0.000000
v -3.500000 1.100000 -0.100000
v -3.500000 1.100000 -0.400000
v -4.500000 1.100000 -0.500000
v -4.500000 1.100000 -0.400000
v -4.500000 1.100000 -0.100000
v -3.000000 1.100000 -0.500000
v -3.000000 1.100000 -0.400000
v -3.000000 1.100000 -0.100000
v -3.000000 1.100000 0.000000
v -3.000000 -1.000000 0.000000
v -4.500000 1.100000 0.000000
v -5.000000 -1.000000 0.000000
v -5.000000 1.100000 -0.400000
v -4.500000 2.000000 -0.400000
v -4.500000 1.100000 -0.400000
v -5.000000 2.500000 -0.400000
v -3.000000 2.500000 -0.400000
v -3.000000 1.100000 -0.400000
v -3.500000 2.000000 -0.400000
v -5.000000 1.100000 -0.100000
v -4.500000 2.000000 -0.100000
v -3.500000 1.100000 -0.100000
v -3.000000 1.100000 -0.100000
v -3.000000 2.500000 -0.100000
v -5.000000 2.500000 -0.100000
v -4.500000 1.100000 -0.100000
v -3.500000 1.100000 -0.400000
v -3.500000 2.000000 -0.100000
vn -0.0000 -0.0000 -1.0000
vn -1.0000 -0.0000 -0.0000
vn -0.0000 1.0000 -0.0000
vn 1.0000 -0.0000 -0.0000
vn -0.0000 -1.0000 -0.0000
vn -0.0000 -0.0000 1.0000
vt -0.500000 -1.250000
vt -0.500000 0.850000
vt -0.000000 0.850000
vt 1.000000 0.850000
vt 1.500000 0.850000
vt 1.500000 -1.250000
vt -1.250000 0.750000
vt 0.850000 0.750000
vt 0.850000 0.650000
vt 0.850000 0.350000
vt 0.850000 0.250000
vt -1.250000 0.250000
vt -0.000000 0.250000
vt -0.500000 0.250000
vt -0.500000 0.350000
vt -0.000000 0.350000
vt -0.000000 0.750000
vt 1.000000 0.750000
vt 1.000000 0.650000
vt 1.000000 0.350000
vt 1.000000 0.250000
vt -0.000000 0.650000
vt 1.500000 0.250000
vt 1.500000 0.350000
vt 1.500000 0.750000
vt -0.500000 0.750000
vt -0.500000 0.250000
vt 1.500000 0.250000
vt 1.500000 -1.250000
vt -0.500000 -1.250000
vt -0.500000 0.750000
vt -0.500000 0.650000
vt 1.500000 0.750000
vt 1.500000 0.650000
vt 2.250000 0.650000
vt 2.250000 0.350000
vt 0.850000 0.350000
vt -0.500000 0.650000
vt 1.500000 0.650000
vt 1.500000 0.350000
vt -0.000000 1.750000
vt -0.000000 0.850000
vt -0.500000 2.250000
vt 1.500000 2.250000
vt 1.500000 0.850000
vt 1.000000 0.850000
vt 1.000000 1.750000
vt 1.750000 0.350000
vt 1.750000 0.650000
vt 1.000000 0.350000
vt 1.000000 0.650000
vt -0.000000 0.650000
vt -0.000000 0.350000
s 0
usemtl _0125_Plum.002
f 947/1185/241 946/1186/241 952/1187/241 942/1188/241 955/1189/241 943/1190/241
f 961/1191/242 944/1192/242 945/1193/242 948/1194/242 946/1195/242 947/1196/242
f 952/1197/243 946/1198/243 948/1199/243 953/1200/243
f 960/1201/243 949/1202/243 950/1203/243 951/1204/243 942/1205/243 952/1197/243 953/1200/243 954/1206/243
f 955/1207/243 942/1205/243 951/1204/243 956/1208/243
f 943/1196/244 955/1195/244 956/1194/244 957/1193/244 958/1192/244 959/1191/244
f 959/1209/245 961/1210/245 947/1211/245 943/1212/245
f 959/1213/246 958/1189/246 949/1188/246 960/1187/246 944/1186/246 961/1214/246
f 944/1215/243 960/1201/243 954/1206/243 945/1216/243
f 949/1202/243 958/1217/243 957/1218/243 950/1203/243
usemtl _0048_PaleGoldenrod.002
f 974/1219/242 965/1220/242 962/1221/242 969/1193/242
f 965/1199/243 974/1222/243 973/1223/243 966/1224/243
f 963/1225/241 964/1226/241 962/1186/241 965/1227/241 966/1228/241 967/1229/241 976/1230/241 968/1231/241
f 969/1186/246 975/1226/246 970/1225/246 977/1231/246 971/1230/246 972/1229/246 973/1228/246 974/1227/246
f 966/1220/244 973/1219/244 972/1193/244 967/1221/244
f 963/1232/244 970/1233/244 975/1193/244 964/1221/244
f 976/1221/242 971/1193/242 977/1233/242 968/1232/242
f 968/1234/245 977/1235/245 970/1236/245 963/1237/245
o Book_Stack
v 5.196188 0.000000 5.766258
v 4.954707 0.035000 5.830963
v 4.954707 0.000000 5.830963
v 5.000000 0.000000 6.000000
v 5.196188 0.035000 5.766258
v 5.241481 0.035000 5.935295
v 5.000000 0.035000 6.000000
v 5.241481 0.000000 5.935295
v 4.973094 0.000000 5.820631
v 4.973094 -0.050000 5.970631
v 4.973094 0.000000 5.970631
v 5.223094 0.000000 5.970631
v 5.223094 0.000000 5.820631
v 5.223094 -0.050000 5.820631
v 4.973094 -0.050000 5.820631
v 5.223094 -0.050000 5.970631
v 5.008240 0.035000 5.778250
v 5.193419 0.035000 5.974878
v 5.193419 0.080000 5.974878
v 4.971488 0.035000 5.915411
v 5.230172 0.035000 5.837716
v 5.008240 0.080000 5.778250
v 5.230172 0.080000 5.837716
v 4.971488 0.080000 5.915411
vn -0.2588 -0.0000 -0.9659
vn -0.0000 1.0000 -0.0000
vn -0.9659 -0.0000 0.2588
vn 0.9659 -0.0000 -0.2588
vn 0.2588 -0.0000 0.9659
vn -1.0000 -0.0000 -0.0000
vn -0.0000 -0.0000 1.0000
vn 1.0000 -0.0000 -0.0000
vn -0.0000 -0.0000 -1.0000
vn -0.9659 -0.0000 -0.2588
vn -0.2588 -0.0000 0.9659
vn 0.9659 -0.0000 0.2588
vn 0.2588 -0.0000 -0.9659
vt 0.597182 0.483333
vt 0.355701 0.483333
vt 0.355701 0.518333
vt 0.597182 0.518333
vt 0.355701 0.554145
vt 0.400994 0.385108
vt 0.642476 0.449813
vt 0.597182 0.618850
vt 0.554145 0.483333
vt 0.385108 0.483333
vt 0.385108 0.518333
vt 0.554145 0.518333
vt 0.449813 0.483333
vt 0.618850 0.483333
vt 0.618850 0.518333
vt 0.449813 0.518333
vt 0.400994 0.483333
vt 0.642476 0.483333
vt 0.642476 0.518333
vt 0.400994 0.518333
vt 0.374088 0.564477
vt 0.374088 0.414477
vt 0.624088 0.414477
vt 0.624088 0.564477
vt 0.564477 0.433333
vt 0.414477 0.433333
vt 0.414477 0.483333
vt 0.564477 0.483333
vt 0.374088 0.433333
vt 0.624088 0.433333
vt 0.624088 0.483333
vt 0.374088 0.483333
vt 0.564477 0.433333
vt 0.564477 0.483333
vt 0.374088 0.433333
vt 0.374088 0.483333
vt 0.409234 0.606858
vt 0.372482 0.469697
vt 0.594414 0.410230
vt 0.631166 0.547392
vt 0.606858 0.518333
vt 0.469697 0.518333
vt 0.469697 0.563333
vt 0.606858 0.563333
vt 0.372482 0.518333
vt 0.594414 0.518333
vt 0.594414 0.563333
vt 0.372482 0.563333
vt 0.410230 0.518333
vt 0.547392 0.518333
vt 0.547392 0.563333
vt 0.410230 0.563333
vt 0.631166 0.518333
vt 0.409234 0.518333
vt 0.409234 0.563333
vt 0.631166 0.563333
s 0
usemtl _0068_LightGreen
f 978/1238/247 980/1239/247 979/1240/247 982/1241/247
f 980/1242/248 981/1243/248 985/1244/248 978/1245/248
f 980/1246/249 981/1247/249 984/1248/249 979/1249/249
f 983/1244/248 982/1245/248 979/1242/248 984/1243/248
f 985/1250/250 978/1251/250 982/1252/250 983/1253/250
f 981/1254/251 985/1255/251 983/1256/251 984/1257/251
usemtl _0125_Plum
f 986/1258/248 988/1259/248 989/1260/248 990/1261/248
f 992/1262/252 987/1263/252 988/1264/252 986/1265/252
f 987/1266/253 993/1267/253 989/1268/253 988/1269/253
f 993/1263/254 991/1270/254 990/1271/254 989/1264/254
f 991/1267/255 992/1272/255 986/1273/255 990/1268/255
f 992/1258/248 987/1259/248 993/1260/248 991/1261/248
usemtl _0048_PaleGoldenrod
f 994/1274/248 997/1275/248 995/1276/248 998/1277/248
f 994/1278/256 997/1279/256 1001/1280/256 999/1281/256
f 997/1282/257 995/1283/257 996/1284/257 1001/1285/257
f 995/1286/258 998/1287/258 1000/1288/258 996/1289/258
f 998/1290/259 994/1291/259 999/1292/259 1000/1293/259
f 999/1274/248 1001/1275/248 996/1276/248 1000/1277/248
o Bookshelf
v 2.975000 0.275000 2.725000
v 2.025000 0.275000 2.725000
v 2.025000 0.275000 3.000000
v 2.025000 0.025000 2.725000
v 2.975000 0.025000 2.725000
v 2.975000 0.275000 3.000000
v 2.975000 0.025000 3.000000
v 2.975000 0.300000 2.725000
v 2.975000 0.300000 3.000000
v 2.000000 0.275000 3.000000
v 3.000000 0.550000 3.000000
v 3.000000 0.275000 3.000000
v 2.025000 0.025000 3.000000
v 2.975000 0.000000 3.000000
v 3.000000 0.000000 3.000000
v 2.025000 0.300000 2.725000
v 2.025000 0.300000 3.000000
v 2.000000 1.100864 3.000000
v 2.000000 1.375864 3.000000
v 2.000000 0.550000 3.000000
v 2.000000 1.675864 2.700000
v 2.000000 1.675864 3.000000
v 2.025000 0.575000 3.000000
v 2.000000 0.825000 3.000000
v 3.000000 0.825000 3.000000
v 3.000000 1.675864 3.000000
v 2.975000 0.575000 3.000000
v 2.000000 0.000000 3.000000
v 3.000000 0.000000 2.700000
v 2.025000 0.000000 3.000000
v 2.025000 0.550000 3.000000
v 2.025000 0.550000 2.725000
v 2.975000 0.550000 2.725000
v 2.975000 0.550000 3.000000
v 2.975000 1.675864 3.000000
v 3.000000 1.675864 2.700000
v 2.000000 0.000000 2.700000
v 2.025000 0.850000 3.000000
v 2.025000 1.100864 3.000000
v 2.025000 1.675864 3.000000
v 2.025000 0.825000 3.000000
v 2.975000 1.650864 3.000000
v 2.975000 1.400864 3.000000
v 2.975000 1.375864 3.000000
v 3.000000 1.375864 3.000000
v 2.975000 1.125864 3.000000
v 2.975000 1.100864 3.000000
v 3.000000 1.100864 3.000000
v 2.975000 1.100000 3.000000
v 2.025000 0.850000 2.725000
v 2.025000 1.100000 2.725000
v 2.025000 1.125864 2.725000
v 2.025000 1.650864 3.000000
v 2.025000 0.575000 2.725000
v 2.975000 0.575000 2.725000
v 2.975000 0.825000 3.000000
v 2.025000 0.825000 2.725000
v 2.975000 0.825000 2.725000
v 2.975000 1.100000 2.725000
v 2.975000 1.650864 2.725000
v 2.025000 1.650864 2.725000
v 2.025000 1.100000 3.000000
v 2.975000 0.850000 2.725000
v 2.975000 0.850000 3.000000
v 2.025000 1.125864 3.000000
v 2.975000 1.125864 2.725000
v 2.975000 1.375864 2.725000
v 2.025000 1.375864 2.725000
v 2.025000 1.375864 3.000000
v 2.025000 1.400864 3.000000
v 2.975000 1.400864 2.725000
v 2.025000 1.400864 2.725000
vn -0.0000 -1.0000 -0.0000
vn -0.0000 -0.0000 1.0000
vn 1.0000 -0.0000 -0.0000
vn -1.0000 -0.0000 -0.0000
vn -0.0000 1.0000 -0.0000
vn -0.0000 -0.0000 -1.0000
vt 0.602498 0.975983
vt 0.602498 0.025983
vt 0.327498 0.025983
vt 0.327498 0.975983
vt 1.037932 0.975983
vt 1.037932 0.025983
vt 1.062932 0.025983
vt 1.062932 0.975983
vt 0.398485 -0.061949
vt 0.398485 -0.311949
vt 0.673485 -0.311949
vt 0.673485 -0.061949
vt 0.975000 -0.311949
vt 0.975000 -0.061949
vt 0.025000 -0.061949
vt 0.025000 -0.311949
vt 0.000000 0.213051
vt 0.000000 -0.061949
vt 0.025000 -0.036949
vt 0.025000 0.213051
vt 1.000000 -0.061949
vt 1.000000 0.213051
vt 0.975000 0.213051
vt 0.975000 -0.036949
vt 0.000000 -0.336949
vt 0.025000 -0.336949
vt 1.000000 -0.336949
vt 0.975000 -0.336949
vt 0.398485 -0.036949
vt 0.398485 0.213051
vt 0.673485 0.213051
vt 0.673485 -0.036949
vt 0.398485 1.338915
vt 0.698485 1.338915
vt 0.698485 -0.336949
vt 0.398485 -0.336949
vt 0.398485 0.488051
vt 0.398485 0.763915
vt 0.398485 1.038915
vt 0.000000 0.488051
vt 0.025000 0.238051
vt 0.025000 0.488051
vt 1.000000 0.488051
vt 0.975000 0.488051
vt 0.975000 0.238051
vt 0.602498 1.000983
vt 0.602498 0.000983
vt 0.302498 0.000983
vt 0.302498 1.000983
vt 1.312932 0.975983
vt 1.312932 0.025983
vt 1.337932 0.025983
vt 1.337932 0.975983
vt 0.000000 1.338915
vt 1.000000 1.338915
vt 0.025000 0.513051
vt 0.025000 0.763051
vt 0.025000 0.763915
vt 0.000000 0.763915
vt 0.000000 1.038915
vt 0.025000 0.788915
vt 0.025000 1.038915
vt 0.025000 1.063915
vt 0.025000 1.313915
vt 0.025000 1.338915
vt 0.787932 0.025983
vt 0.787932 0.975983
vt 0.762932 0.975983
vt 0.762932 0.025983
vt 0.398485 0.238051
vt 0.673485 0.238051
vt 0.673485 0.488051
vt 0.975000 1.313915
vt 0.975000 1.063915
vt 0.975000 1.038915
vt 1.000000 1.038915
vt 0.975000 1.338915
vt 1.000000 0.763915
vt 0.975000 0.788915
vt 0.975000 0.763915
vt 0.975000 0.763051
vt 0.975000 0.513051
vt -0.337932 0.975983
vt -0.337932 0.025983
vt -0.312932 0.025983
vt -0.312932 0.975983
vt 0.673485 0.763051
vt 0.398485 0.763051
vt 0.398485 0.513051
vt 0.673485 0.513051
vt 0.237068 0.975983
vt 0.237068 0.025983
vt 0.237932 0.025983
vt 0.237932 0.975983
vt 0.487932 0.975983
vt 0.487932 0.025983
vt 0.512932 0.025983
vt 0.512932 0.975983
vt 0.212068 0.975983
vt 0.212068 0.025983
vt 0.398485 0.788915
vt 0.673485 0.788915
vt 0.673485 1.038915
vt 0.398485 1.313915
vt 0.398485 1.063915
vt 0.673485 1.063915
vt 0.673485 1.313915
vt -0.062932 0.975983
vt -0.062932 0.025983
vt -0.037932 0.025983
vt -0.037932 0.975983
s 0
usemtl _0048_PaleGoldenrod
f 1007/1294/260 1004/1295/260 1003/1296/260 1002/1297/260
f 1010/1298/261 1018/1299/261 1004/1300/261 1007/1301/261
f 1004/1302/262 1014/1303/262 1005/1304/262 1003/1305/262
f 1008/1303/263 1007/1302/263 1002/1305/263 1006/1304/263
f 1018/1295/264 1010/1294/264 1009/1297/264 1017/1296/264
f 1021/1310/261 1011/1311/261 1004/1308/261 1018/1312/261 1032/1313/261
f 1013/1314/261 1012/1315/261 1035/1316/261 1010/1317/261 1007/1307/261
f 1011/1311/261 1029/1318/261 1031/1319/261 1014/1309/261 1004/1308/261
f 1014/1295/264 1008/1294/264 1006/1297/264 1005/1296/264
f 1016/1320/261 1013/1314/261 1007/1307/261 1008/1306/261 1015/1321/261
f 1010/1322/263 1035/1323/263 1034/1324/263 1009/1325/263
f 1032/1323/262 1018/1322/262 1017/1325/262 1033/1324/262
f 1023/1326/263 1022/1327/263 1038/1328/263 1029/1329/263 1011/1302/263 1021/1323/263 1025/1330/263 1019/1331/263 1020/1332/263
f 1025/1333/261 1021/1310/261 1032/1313/261 1024/1334/261 1042/1335/261
f 1030/1328/262 1037/1327/262 1027/1326/262 1046/1332/262 1049/1331/262 1026/1330/262 1012/1323/262 1013/1302/262 1016/1329/262
f 1012/1315/261 1026/1336/261 1057/1337/261 1028/1338/261 1035/1316/261
f 1016/1339/260 1015/1294/260 1031/1295/260 1029/1340/260 1038/1341/260 1030/1342/260
f 1008/1343/261 1014/1344/261 1031/1345/261 1015/1346/261
f 1035/1294/260 1032/1295/260 1033/1296/260 1034/1297/260
f 1037/1342/264 1022/1341/264 1023/1340/264 1041/1295/264 1036/1294/264 1027/1339/264
f 1039/1349/261 1063/1350/261 1040/1351/261 1019/1352/261 1025/1333/261 1042/1335/261
f 1020/1353/261 1019/1352/261 1040/1351/261 1066/1354/261 1070/1355/261
f 1071/1356/261 1054/1357/261 1041/1358/261 1023/1347/261 1020/1353/261 1070/1355/261
f 1032/1359/261 1035/1360/261 1028/1361/261 1024/1362/261
f 1042/1330/262 1024/1363/262 1055/1364/262 1058/1365/262
f 1043/1366/261 1044/1367/261 1045/1368/261 1046/1369/261 1027/1348/261 1036/1370/261
f 1049/1371/261 1046/1369/261 1045/1368/261 1047/1372/261 1048/1373/261
f 1049/1371/261 1048/1373/261 1050/1374/261 1065/1375/261 1057/1337/261 1026/1336/261
f 1028/1363/263 1057/1330/263 1059/1365/263 1056/1364/263
f 1036/1376/261 1041/1377/261 1054/1378/261 1043/1379/261
f 1052/1380/262 1063/1381/262 1039/1382/262 1051/1383/262
f 1048/1384/261 1040/1385/261 1063/1386/261 1050/1387/261
f 1065/1388/261 1039/1389/261 1042/1390/261 1057/1391/261
f 1040/1385/261 1048/1384/261 1047/1392/261 1066/1393/261
f 1070/1332/262 1066/1394/262 1053/1395/262 1069/1396/262
f 1054/1397/262 1071/1398/262 1073/1399/262 1062/1400/262
f 1044/1401/261 1071/1402/261 1070/1403/261 1045/1404/261
f 1024/1295/264 1028/1294/264 1056/1297/264 1055/1296/264
f 1057/1294/260 1042/1295/260 1058/1296/260 1059/1297/260
f 1044/1398/263 1043/1397/263 1061/1400/263 1072/1399/263
f 1047/1394/263 1045/1332/263 1068/1396/263 1067/1395/263
f 1065/1382/263 1050/1381/263 1060/1380/263 1064/1383/263
f 1043/1294/260 1054/1295/260 1062/1296/260 1061/1297/260
f 1063/1295/260 1052/1296/260 1060/1297/260 1050/1294/260
f 1039/1295/264 1065/1294/264 1064/1297/264 1051/1296/264
f 1066/1295/264 1047/1294/264 1067/1297/264 1053/1296/264
f 1045/1294/260 1070/1295/260 1069/1296/260 1068/1297/260
f 1071/1295/264 1044/1294/264 1072/1297/264 1073/1296/264
usemtl Material
f 1006/1306/261 1002/1307/261 1003/1308/261 1005/1309/261
f 1009/1317/261 1034/1316/261 1033/1313/261 1017/1312/261
f 1030/1320/265 1038/1318/265 1022/1347/265 1037/1348/265
f 1056/1338/261 1059/1337/261 1058/1335/261 1055/1334/261
f 1064/1375/261 1060/1374/261 1052/1350/261 1051/1349/261
f 1067/1372/261 1068/1368/261 1069/1355/261 1053/1354/261
f 1072/1367/261 1061/1366/261 1062/1357/261 1073/1356/261
o Cot
v -0.950000 0.176110 4.632899
v -1.000000 0.303500 4.282899
v -1.000000 0.046985 4.987669
v -0.950000 0.149506 4.705994
v -0.950000 0.303500 4.282899
v -0.950000 0.046985 4.987669
v -0.900000 0.046985 4.278130
v -0.900000 0.303500 4.982899
v -1.000000 0.000000 4.970567
v -0.950000 0.149506 4.559804
v -0.950000 0.122901 4.632899
v -0.950000 0.256515 4.265798
v -1.000000 0.256515 4.265798
v -0.950000 0.000000 4.970567
v -0.950000 0.256515 5.000000
v -0.950000 0.303500 4.982899
v -0.900000 0.256515 5.000000
v -0.900000 0.000000 4.295230
v -0.950000 0.000000 4.295230
v -0.950000 0.046985 4.278130
v 0.750001 0.256515 4.265798
v 0.750001 0.303500 4.282899
v 0.750001 0.149506 4.705994
v 0.750001 0.046985 4.987669
v 0.700001 0.303500 4.282899
v 0.800001 0.303500 4.982899
v 0.750001 0.303500 4.982899
v 0.750001 0.176110 4.632899
v 0.750001 0.149506 4.559804
v 0.750001 0.046985 4.278130
v 0.700001 0.256515 4.265798
v 0.700001 0.000000 4.970567
v 0.750001 0.000000 4.970567
v 0.700001 0.046985 4.987669
v 0.800001 0.046985 4.278130
v 0.800001 0.000000 4.295230
v 0.750001 0.000000 4.295230
v 0.750001 0.122901 4.632899
v 0.800001 0.256515 5.000000
v 0.750001 0.256515 5.000000
v -0.100000 0.303500 4.282899
v -0.100000 0.256515 4.265798
v -0.100000 0.149506 4.559804
v -0.100000 0.303500 4.982899
v -0.100000 0.046985 4.278130
v -0.100000 0.000000 4.970567
v -0.150000 0.256515 4.265798
v -0.150000 0.000000 4.970567
v -0.150000 0.303500 4.282899
v -0.150000 0.046985 4.987669
v -0.100000 0.122901 4.632899
v -0.100000 0.046985 4.987669
v -0.100000 0.149506 4.705994
v -0.100000 0.176110 4.632899
v -0.050000 0.000000 4.295230
v -0.050000 0.046985 4.278130
v -0.100000 0.000000 4.295230
v -0.100000 0.256515 5.000000
v -0.050000 0.303500 4.982899
v -0.050000 0.256515 5.000000
v 0.800000 0.328500 4.932898
v 0.800000 0.278500 4.332898
v 0.800000 0.278500 4.932898
v 0.750000 0.278500 4.932898
v 0.750000 0.328500 4.932898
v 0.750000 0.278500 4.332898
v -0.035590 0.278500 4.332898
v -0.950000 0.278500 4.332898
v 0.750000 0.328500 4.332898
v 0.800000 0.328500 4.332898
v 0.800000 0.278500 4.982898
v 0.800000 0.278500 4.282898
v -1.000000 0.328500 4.982898
v -1.000000 0.328500 4.932898
v 0.450000 0.278500 4.932898
v 0.800000 0.328500 4.982898
v -1.000000 0.278500 4.982898
v -1.000000 0.278500 4.932898
v -0.950000 0.278500 4.429398
v -0.950000 0.278500 4.836398
v -0.950000 0.328500 4.932898
v -0.100000 0.278500 4.932898
v 0.492000 0.278500 4.332898
v 0.549170 0.234500 4.414148
v -0.035590 0.328500 4.332898
v -1.000000 0.278500 4.332898
v -0.950000 0.328500 4.332898
v -1.000000 0.328500 4.332898
v 0.800000 0.328500 4.282898
v -1.000000 0.278500 4.282898
v -1.000000 0.328500 4.282898
v -0.950000 0.328500 4.429398
v -0.791170 0.234500 4.414148
v -0.950000 0.278500 4.932898
v -0.791170 0.234500 4.851648
v 0.549170 0.234500 4.851648
v -0.491600 0.199500 4.702898
v 0.157600 0.199500 4.562898
v -0.491600 0.199500 4.562898
v 0.157600 0.199500 4.702898
v -0.781000 0.379500 4.702898
v -0.211919 0.358500 4.702898
v 0.492000 0.379500 4.702898
v -0.211919 0.358500 4.562898
v 0.492000 0.379500 4.562898
v -0.781000 0.379500 4.562898
v -0.911000 0.356500 4.807898
v -0.950000 0.328500 4.836398
v -0.100000 0.328500 4.932898
v 0.492000 0.328500 4.332898
v 0.516910 0.356500 4.457898
v 0.704628 0.379500 4.784322
v 0.537372 0.379500 4.784322
v 0.537372 0.379500 4.481474
v 0.492000 0.328500 4.932898
v 0.516910 0.356500 4.807898
v 0.704628 0.379500 4.481474
v -0.173952 0.356500 4.457898
v -0.080500 0.356500 4.807898
v -0.911000 0.356500 4.457898
vn 1.0000 -0.0000 -0.0000
vn -0.0000 0.9397 0.3420
vn -0.0000 0.9397 -0.3420
vn -0.0000 -0.9397 -0.3420
vn -0.0000 0.3420 -0.9397
vn -1.0000 -0.0000 -0.0000
vn -0.0000 -0.3420 0.9397
vn -0.0000 -0.3420 -0.9397
vn -0.0000 0.3420 0.9397
vn -0.0000 -0.9397 0.3420
vn -0.0000 -1.0000 -0.0000
vn -0.0000 -0.0000 1.0000
vn 0.2140 -0.9768 -0.0000
vn -0.0000 -0.0000 -1.0000
vn -0.0000 1.0000 -0.0000
vn -0.0000 -0.8793 0.4762
vn -0.0000 -0.8793 -0.4762
vn 0.0890 -0.9960 -0.0000
vn -0.2670 -0.9637 -0.0000
vn -0.0000 -0.9734 0.2290
vn -0.0000 -0.9734 -0.2290
vn -0.1160 -0.9932 -0.0000
vn 0.0369 0.9990 -0.0271
vn 0.0369 0.9993 -0.0000
vn -0.0000 0.9768 0.2140
vn -0.0298 0.9980 0.0563
vn -0.0298 0.9996 -0.0000
vn 0.0369 0.9993 -0.0057
vn -0.1742 0.9847 -0.0000
vn -0.0000 0.9758 0.2186
vn 0.6784 0.7347 -0.0000
vn -0.0298 0.9991 -0.0298
vn -0.0000 0.9768 -0.2140
vn -0.5832 0.8123 -0.0000
vn -0.0000 0.9758 -0.2186
vn -0.0000 0.9458 -0.3247
vn -0.7471 0.6647 -0.0000
vn -0.0000 0.9458 0.3247
vn 0.7471 0.6647 -0.0000
vt 0.559672 0.894769
vt 0.559672 0.522307
vt 0.609672 0.581895
vt 0.609672 0.894769
vt 0.536023 -0.700001
vt 0.536023 0.004768
vt 0.486023 0.004768
vt 0.486023 -0.276906
vt 0.486023 -0.350001
vt 0.486023 -0.700001
vt 0.436023 -0.000001
vt 0.436023 -0.704771
vt 0.486023 -0.704771
vt 0.486023 -0.423096
vt 0.486023 -0.000001
vt 0.536023 -0.012333
vt 0.536023 -0.717102
vt 0.486023 -0.717102
vt 0.486023 -0.012333
vt 0.430813 -0.400001
vt 0.430813 -0.350001
vt 0.477798 -0.350001
vt 0.477798 -0.400001
vt 0.559672 0.144769
vt 0.609672 0.144769
vt 0.687329 -0.350001
vt 0.687329 -0.400001
vt 0.734313 -0.400001
vt 0.734313 -0.350001
vt 0.609672 0.504108
vt 0.559672 0.444521
vt 0.555454 0.133181
vt 0.555454 0.505643
vt 0.605455 0.446056
vt 0.605455 0.133181
vt 0.605455 0.883181
vt 0.555454 0.883181
vt 0.687329 -0.300001
vt 0.734313 -0.300001
vt 0.605455 0.523842
vt 0.555454 0.583430
vt 0.430813 -0.300001
vt 0.477798 -0.300001
vt 0.436023 -0.687670
vt 0.436023 0.017100
vt 0.486023 0.017100
vt 0.486023 -0.687670
vt 0.111023 0.574999
vt 0.111023 1.279769
vt 0.061023 1.279769
vt 0.061023 0.998094
vt 0.061023 0.924999
vt 0.061023 0.574999
vt 0.011023 1.274999
vt 0.011023 0.570230
vt 0.061023 0.570230
vt 0.061023 0.851904
vt 0.061023 1.274999
vt 0.111023 1.262668
vt 0.111023 0.557898
vt 0.061023 0.557898
vt 0.061023 1.262668
vt 0.430814 1.299999
vt 0.430814 1.349999
vt 0.477798 1.349999
vt 0.477798 1.299999
vt 0.687329 1.349999
vt 0.687329 1.299999
vt 0.734313 1.299999
vt 0.734313 1.349999
vt 0.687329 1.400000
vt 0.734313 1.400000
vt 0.430814 1.400000
vt 0.477798 1.400000
vt 0.011023 0.587331
vt 0.011023 1.292100
vt 0.061023 1.292100
vt 0.061023 0.587331
vt 0.961024 0.574999
vt 0.961024 1.279769
vt 0.911024 1.279769
vt 0.911024 0.998094
vt 0.911024 0.924999
vt 0.911024 0.574999
vt 0.861024 1.274999
vt 0.861024 0.570230
vt 0.911024 0.570230
vt 0.911024 0.851904
vt 0.911024 1.274999
vt 0.961024 1.262668
vt 0.961024 0.557898
vt 0.911024 0.557898
vt 0.911024 1.262668
vt 0.430813 0.449999
vt 0.430813 0.499999
vt 0.477798 0.499999
vt 0.477798 0.449999
vt 0.687329 0.499999
vt 0.687329 0.449999
vt 0.734313 0.449999
vt 0.734313 0.499999
vt 0.687329 0.549999
vt 0.734313 0.549999
vt 0.430813 0.549999
vt 0.477798 0.549999
vt 0.861024 0.587331
vt 0.861024 1.292100
vt 0.911024 1.292100
vt 0.911024 0.587331
vt 0.186023 1.399999
vt 0.786022 1.399999
vt 0.786022 1.349999
vt 0.186023 1.349999
vt 0.405813 0.813976
vt 0.405813 0.213976
vt 0.455813 0.213976
vt 0.455813 0.813976
vt 0.405813 1.399999
vt 0.405813 1.349999
vt 0.455813 1.349999
vt 0.455813 1.399999
vt 0.836022 1.399999
vt 0.836022 -0.400001
vt 0.786022 -0.400001
vt 0.786022 -0.350001
vt 0.786022 0.499999
vt 0.786022 1.049999
vt 1.135193 0.718750
vt 1.336023 0.800000
vt 1.336023 0.200000
vt 1.135193 0.281250
vt 0.186022 1.091999
vt 0.186022 0.564409
vt 0.186022 -0.350001
vt 0.186022 -0.400001
vt 0.136022 -0.400001
vt 0.136023 1.399999
vt -0.413977 0.799999
vt -0.413977 0.199999
vt -0.363978 0.199999
vt -0.363978 0.799999
vt 0.405813 0.163976
vt 0.455813 0.163976
vt 0.405813 0.863976
vt 0.455813 0.863976
vt 0.786022 1.091999
vt 0.405813 1.091999
vt 0.455813 1.049999
vt 0.405813 -0.400001
vt 0.455813 -0.400001
vt 0.405813 -0.350001
vt 0.455813 -0.350001
vt 0.282522 -0.350001
vt 0.689522 -0.350001
vt 0.405813 0.499999
vt 0.455813 0.499999
vt -0.363977 0.200000
vt -0.205147 0.281250
vt 1.036023 0.200000
vt 0.486023 0.200000
vt 0.455813 1.091999
vt -0.363977 0.800000
vt 0.550434 0.800000
vt 1.078023 0.800000
vt -0.205147 0.718750
vt 0.743623 0.570000
vt 0.743623 0.430000
vt 0.405813 0.564409
vt 0.455813 0.564409
vt 1.336022 0.296499
vt 1.336022 0.199999
vt 1.386022 0.199999
vt 1.386022 0.799999
vt 1.336022 0.799999
vt 1.336022 0.703499
vt 0.405813 0.310476
vt 0.455813 0.310476
vt 0.405813 0.717476
vt 0.455813 0.717476
vt -0.363977 0.296500
vt -0.363977 0.703500
vt 0.094423 0.430000
vt 0.094423 0.570000
vt 0.374104 0.430000
vt -0.194977 0.430000
vt 0.505523 0.325000
vt 0.374104 0.570000
vt -0.194977 0.570000
vt -0.324977 0.325000
vt 1.078023 0.430000
vt 1.078023 0.570000
vt 0.412071 0.675000
vt -0.324977 0.675000
vt 1.102933 0.325000
vt 1.102933 0.675000
vt 1.078023 0.200000
vt 1.290651 0.651424
vt 1.123395 0.651424
vt 1.123395 0.348576
vt 1.290651 0.348576
vt 0.348576 0.631209
vt 0.651424 0.631209
vt 0.800000 0.580209
vt 0.675000 0.608209
vt 0.325000 0.608209
vt 0.200000 0.580209
vt 0.661022 1.116909
vt 0.311022 1.116909
vt 0.311022 0.426047
vt 0.311022 -0.311001
vt 0.661022 -0.311001
vt 0.661022 0.519499
s 0
usemtl _0048_PaleGoldenrod
f 1078/1405/266 1074/1406/266 1083/1407/266 1085/1408/266
f 1075/1409/267 1076/1410/267 1079/1411/267 1077/1412/267 1074/1413/267 1078/1414/267
f 1081/1415/268 1080/1416/268 1093/1417/268 1083/1418/268 1074/1413/268 1089/1419/268
f 1082/1420/269 1086/1421/269 1085/1422/269 1083/1418/269 1084/1413/269 1087/1423/269
f 1075/1424/270 1078/1425/270 1085/1426/270 1086/1427/270
f 1076/1428/271 1075/1405/271 1086/1408/271 1082/1429/271
f 1079/1430/272 1076/1431/272 1082/1432/272 1087/1433/272
f 1087/1429/266 1084/1434/266 1077/1435/266 1079/1428/266
f 1089/1436/271 1074/1437/271 1077/1438/271 1088/1439/271
f 1091/1440/266 1080/1441/266 1081/1436/266 1090/1439/266
f 1093/1430/273 1080/1442/273 1091/1443/273 1092/1433/273
f 1092/1440/271 1084/1444/271 1083/1445/271 1093/1441/271
f 1081/1446/274 1089/1425/274 1088/1426/274 1090/1447/274
f 1091/1448/275 1090/1449/275 1088/1450/275 1077/1412/275 1084/1413/275 1092/1451/275
f 1095/1405/266 1101/1406/266 1102/1407/266 1094/1408/266
f 1098/1452/267 1107/1453/267 1097/1454/267 1096/1455/267 1101/1456/267 1095/1457/267
f 1099/1458/268 1108/1459/268 1103/1460/268 1102/1461/268 1101/1456/268 1100/1462/268
f 1105/1463/269 1104/1464/269 1094/1465/269 1102/1461/269 1111/1456/269 1106/1466/269
f 1098/1467/270 1095/1468/270 1094/1469/270 1104/1470/270
f 1107/1428/271 1098/1405/271 1104/1408/271 1105/1429/271
f 1097/1471/272 1107/1472/272 1105/1473/272 1106/1474/272
f 1106/1429/266 1111/1434/266 1096/1435/266 1097/1428/266
f 1100/1436/271 1101/1437/271 1096/1438/271 1113/1439/271
f 1109/1440/266 1108/1441/266 1099/1436/266 1112/1439/266
f 1103/1471/273 1108/1475/273 1109/1476/273 1110/1474/273
f 1110/1440/271 1111/1444/271 1102/1445/271 1103/1441/271
f 1099/1477/274 1100/1468/274 1113/1469/274 1112/1478/274
f 1109/1479/275 1112/1480/275 1113/1481/275 1096/1455/275 1111/1456/275 1110/1482/275
f 1114/1405/266 1127/1406/266 1116/1407/266 1115/1408/266
f 1122/1483/267 1123/1484/267 1125/1485/267 1126/1486/267 1127/1487/267 1114/1488/267
f 1132/1489/268 1129/1490/268 1118/1491/268 1116/1492/268 1127/1487/268 1117/1493/268
f 1121/1494/269 1120/1495/269 1115/1496/269 1116/1492/269 1124/1487/269 1119/1497/269
f 1122/1498/270 1114/1499/270 1115/1500/270 1120/1501/270
f 1123/1428/271 1122/1405/271 1120/1408/271 1121/1429/271
f 1125/1502/272 1123/1503/272 1121/1504/272 1119/1505/272
f 1119/1429/266 1124/1434/266 1126/1435/266 1125/1428/266
f 1117/1436/271 1127/1437/271 1126/1438/271 1131/1439/271
f 1128/1440/266 1129/1441/266 1132/1436/266 1133/1439/266
f 1118/1502/273 1129/1506/273 1128/1507/273 1130/1505/273
f 1130/1440/271 1124/1444/271 1116/1445/271 1118/1441/271
f 1132/1508/274 1117/1499/274 1131/1500/274 1133/1509/274
f 1128/1510/275 1133/1511/275 1131/1512/275 1126/1486/275 1124/1487/275 1130/1513/275
f 1135/1514/276 1136/1515/276 1137/1516/276 1139/1517/276
f 1143/1518/266 1134/1519/266 1136/1520/266 1135/1521/266
f 1134/1522/277 1138/1523/277 1137/1524/277 1136/1525/277
f 1136/1515/276 1144/1526/276 1150/1527/276 1151/1528/276 1167/1529/276 1155/1530/276 1148/1531/276 1137/1516/276
f 1138/1519/271 1142/1518/271 1139/1521/271 1137/1520/271
f 1142/1523/279 1143/1522/279 1135/1525/279 1139/1524/279
f 1139/1517/276 1156/1536/276 1140/1537/276 1141/1538/276 1159/1539/276 1163/1540/276 1145/1541/276 1135/1514/276
f 1134/1542/280 1143/1543/280 1142/1544/280 1138/1545/280
f 1134/1519/266 1149/1546/266 1144/1547/266 1136/1520/266
f 1162/1548/266 1143/1518/266 1135/1521/266 1145/1549/266
f 1149/1526/280 1134/1515/280 1138/1516/280 1188/1550/280 1182/1530/280 1154/1529/280 1147/1528/280 1146/1527/280
f 1188/1551/279 1138/1523/279 1137/1524/279 1148/1552/279
f 1149/1522/277 1146/1553/277 1150/1554/277 1144/1525/277
f 1146/1546/271 1147/1519/271 1151/1520/271 1150/1547/271
f 1154/1555/277 1147/1553/277 1151/1554/277 1167/1556/277
f 1141/1538/276 1152/1557/276 1153/1558/276 1167/1529/276 1151/1528/276 1159/1539/276
f 1154/1555/279 1182/1559/279 1155/1560/279 1167/1556/279
f 1182/1559/279 1188/1551/279 1148/1552/279 1155/1560/279
f 1142/1523/277 1183/1551/277 1156/1565/277 1139/1524/277
f 1183/1536/280 1142/1517/280 1143/1514/280 1162/1541/280 1164/1540/280 1161/1539/280 1160/1538/280 1158/1537/280
f 1183/1551/277 1158/1572/277 1140/1573/277 1156/1565/277
f 1158/1572/277 1160/1555/277 1141/1556/277 1140/1573/277
f 1161/1553/279 1160/1555/279 1141/1556/279 1159/1554/279
f 1161/1518/271 1164/1548/271 1163/1549/271 1159/1521/271
f 1164/1553/279 1162/1522/279 1145/1525/279 1163/1554/279
f 1165/1574/280 1160/1575/280 1161/1576/280 1147/1577/280 1154/1578/280 1181/1579/280
f 1147/1519/271 1161/1518/271 1159/1521/271 1151/1520/271
f 1181/1580/266 1154/1519/266 1167/1520/266 1153/1581/266
f 1160/1518/266 1165/1582/266 1152/1583/266 1141/1521/266
f 1165/1582/266 1181/1580/266 1153/1581/266 1152/1583/266
f 1189/1611/280 1184/1612/280 1191/1613/280 1193/1614/280 1180/1615/280 1192/1616/280
usemtl _0125_Plum
f 1175/1588/288 1174/1589/288 1192/1590/288
f 1174/1589/289 1175/1588/289 1177/1591/289 1179/1592/289
f 1180/1593/290 1192/1590/290 1174/1589/290
f 1175/1588/291 1192/1590/291 1176/1594/291
f 1175/1588/292 1176/1594/292 1178/1595/292 1177/1591/292
f 1177/1591/293 1191/1596/293 1179/1592/293
f 1180/1593/294 1174/1589/294 1179/1592/294 1193/1597/294
f 1154/1561/295 1182/1564/295 1192/1590/295 1180/1593/295
f 1189/1598/290 1176/1594/290 1192/1590/290
f 1176/1594/296 1189/1598/296 1184/1599/296 1178/1595/296
f 1177/1591/297 1178/1595/297 1191/1596/297
f 1193/1597/298 1179/1592/298 1191/1596/298
f 1193/1597/299 1160/1566/299 1165/1585/299 1181/1584/299 1154/1561/299 1180/1593/299
f 1189/1598/295 1192/1590/295 1182/1564/295 1188/1600/295
f 1184/1599/298 1191/1596/298 1178/1595/298
f 1193/1597/300 1191/1596/300 1158/1567/300 1160/1566/300
f 1183/1568/300 1158/1567/300 1191/1596/300 1184/1599/300
usemtl _0068_LightGreen
f 1157/1532/278 1139/1533/278 1137/1534/278 1169/1535/278
f 1167/1561/281 1168/1562/281 1169/1535/281 1137/1534/281 1148/1563/281 1155/1564/281
f 1141/1566/282 1140/1567/282 1156/1568/282 1139/1533/282 1157/1532/282 1166/1569/282
f 1171/1570/283 1157/1532/283 1169/1535/283 1173/1571/283
f 1141/1566/284 1166/1569/284 1168/1562/284 1167/1561/284 1153/1584/284 1152/1585/284
f 1168/1562/285 1170/1586/285 1173/1571/285 1169/1535/285
f 1166/1569/286 1157/1532/286 1171/1570/286 1172/1587/286
f 1172/1587/276 1171/1570/276 1173/1571/276 1170/1586/276
f 1166/1569/287 1172/1587/287 1170/1586/287 1168/1562/287
f 1190/1601/280 1187/1602/280 1186/1603/280 1185/1604/280
f 1183/1568/301 1187/1602/301 1190/1601/301 1142/1533/301
f 1186/1605/302 1187/1606/302 1183/1607/302 1184/1608/302 1189/1609/302 1188/1610/302
f 1138/1534/303 1185/1604/303 1186/1603/303 1188/1600/303
f 1138/1610/304 1142/1607/304 1190/1606/304 1185/1605/304
o Crate
v 2.450000 0.500000 5.550000
v 2.050000 0.500000 5.550000
v 2.050000 0.500000 5.950000
v 2.050000 0.475000 5.950000
v 2.050000 0.475000 5.550000
v 2.450000 0.475000 5.550000
v 2.500000 0.500000 5.500000
v 2.450000 0.500000 6.000000
v 2.450000 0.500000 5.950000
v 2.450000 0.450000 5.500000
v 2.050000 0.500000 5.500000
v 2.450000 0.500000 5.500000
v 2.500000 0.450000 5.500000
v 2.000000 0.500000 5.500000
v 2.450000 0.475000 5.950000
v 2.000000 0.500000 6.000000
v 2.050000 0.500000 6.000000
v 2.500000 0.500000 6.000000
v 2.050000 0.450000 5.525000
v 2.050000 0.450000 5.500000
v 2.000000 0.450000 5.950000
v 2.500000 0.450000 6.000000
v 2.050000 0.450000 6.000000
v 2.475000 0.450000 5.950000
v 2.000000 0.450000 6.000000
v 2.000000 0.450000 5.500000
v 2.500000 0.000000 6.000000
v 2.475000 0.450000 5.550000
v 2.500000 0.450000 5.550000
v 2.450000 0.050000 5.525000
v 2.450000 0.450000 5.525000
v 2.050000 0.050000 5.500000
v 2.000000 0.050000 5.550000
v 2.000000 0.000000 6.000000
v 2.050000 0.050000 5.525000
v 2.450000 0.050000 5.500000
v 2.000000 0.000000 5.500000
v 2.500000 0.000000 5.500000
v 2.000000 0.050000 5.950000
v 2.000000 0.450000 5.550000
v 2.500000 0.050000 5.550000
v 2.475000 0.050000 5.550000
v 2.500000 0.450000 5.950000
v 2.450000 0.450000 6.000000
v 2.450000 0.450000 5.975000
v 2.450000 0.050000 5.975000
v 2.450000 0.050000 6.000000
v 2.050000 0.450000 5.975000
v 2.050000 0.050000 6.000000
v 2.050000 0.050000 5.975000
v 2.500000 0.050000 5.950000
v 2.475000 0.050000 5.950000
v 2.025000 0.050000 5.950000
v 2.025000 0.450000 5.550000
v 2.025000 0.450000 5.950000
v 2.025000 0.050000 5.550000
vn -0.0000 -0.0000 1.0000
vn -0.0000 1.0000 -0.0000
vn 1.0000 -0.0000 -0.0000
vn -1.0000 -0.0000 -0.0000
vn -0.0000 -0.0000 -1.0000
vn -0.0000 -1.0000 -0.0000
vt 0.700000 0.674145
vt 0.300000 0.674145
vt 0.300000 0.649145
vt 0.700000 0.649145
vt 0.300000 0.700000
vt 0.700000 0.700000
vt 0.700000 0.750000
vt 0.300000 0.750000
vt 0.750000 0.750000
vt 0.700000 0.300000
vt 0.700000 0.250000
vt 0.750000 0.250000
vt 0.700000 0.624145
vt 0.300000 0.624145
vt 0.250000 0.624145
vt 0.250000 0.674145
vt 0.750000 0.674145
vt 0.750000 0.624145
vt 0.250000 0.250000
vt 0.300000 0.250000
vt 0.300000 0.300000
vt 0.250000 0.750000
vt 0.750000 0.624145
vt 0.750000 0.674145
vt 0.250000 0.674145
vt 0.250000 0.624145
vt 0.700000 0.725000
vt 0.300000 0.725000
vt 0.250000 0.174145
vt 0.300000 0.224145
vt 0.700000 0.224145
vt 0.750000 0.174145
vt 0.250000 0.300000
vt 0.275000 0.300000
vt 0.275000 0.700000
vt 0.250000 0.700000
vt 0.750000 0.700000
vt 0.725000 0.700000
vt 0.725000 0.300000
vt 0.750000 0.300000
vt 0.700000 0.275000
vt 0.300000 0.275000
vt 0.750000 0.174145
vt 0.250000 0.174145
vt 0.750000 0.224145
vt 0.725000 0.224145
vt 0.725000 0.624145
vt 0.250000 0.224145
vt 0.275000 0.624145
vt 0.275000 0.224145
vt 0.750000 0.224145
vt 0.250000 0.224145
vt 0.275000 0.624145
vt 0.275000 0.224145
s 0
usemtl _0048_PaleGoldenrod
f 1194/1617/305 1195/1618/305 1198/1619/305 1199/1620/305
f 1195/1621/306 1194/1622/306 1205/1623/306 1204/1624/306
f 1195/1617/307 1196/1618/307 1197/1619/307 1198/1620/307
f 1202/1618/308 1194/1617/308 1199/1620/308 1208/1619/308
f 1200/1625/306 1205/1623/306 1194/1622/306 1202/1626/306 1201/1627/306 1211/1628/306
f 1203/1629/309 1213/1630/309 1219/1631/309 1207/1632/309 1204/1618/309 1205/1617/309 1200/1633/309 1206/1634/309
f 1209/1635/306 1210/1636/306 1196/1637/306 1195/1621/306 1204/1624/306 1207/1638/306
f 1196/1618/309 1202/1617/309 1208/1620/309 1197/1619/309
f 1210/1636/306 1201/1627/306 1202/1626/306 1196/1637/306
f 1216/1630/305 1237/1629/305 1215/1634/305 1211/1633/305 1201/1617/305 1210/1618/305 1209/1632/305 1218/1631/305
f 1236/1630/307 1222/1629/307 1206/1639/307 1200/1640/307 1211/1641/307 1215/1642/307
f 1213/1624/310 1203/1623/310 1224/1643/310 1212/1644/310
f 1230/1645/309 1219/1631/309 1213/1630/309 1225/1646/309 1229/1647/309 1203/1629/309 1206/1634/309 1231/1648/309
f 1218/1635/310 1214/1649/310 1248/1650/310 1247/1651/310 1233/1652/310 1219/1638/310 1213/1624/310 1212/1644/310 1224/1643/310 1203/1623/310 1206/1625/310 1222/1653/310 1221/1654/310 1217/1655/310 1236/1656/310 1215/1628/310 1237/1627/310 1238/1657/310 1241/1658/310 1216/1636/310
f 1233/1629/308 1214/1630/308 1218/1642/308 1209/1641/308 1207/1640/308 1219/1639/308
f 1237/1627/310 1216/1636/310 1241/1658/310 1238/1657/310
f 1220/1648/305 1215/1634/305 1237/1629/305 1240/1647/305 1242/1646/305 1216/1630/305 1218/1631/305 1227/1645/305
f 1222/1653/310 1236/1656/310 1217/1655/310 1221/1654/310
f 1231/1659/307 1206/1639/307 1222/1629/307 1234/1647/307 1244/1646/307 1236/1630/307 1215/1642/307 1220/1660/307
f 1203/1639/308 1229/1661/308 1223/1662/308 1224/1663/308
f 1225/1661/307 1213/1639/307 1212/1663/307 1228/1662/307
f 1227/1660/308 1218/1642/308 1214/1630/308 1232/1646/308 1226/1647/308 1233/1629/308 1219/1639/308 1230/1659/308
f 1229/1623/306 1225/1624/306 1228/1644/306 1223/1643/306
f 1231/1625/310 1220/1628/310 1227/1635/310 1230/1638/310
f 1232/1664/309 1214/1631/309 1248/1665/309 1246/1666/309
f 1214/1649/310 1233/1652/310 1247/1651/310 1248/1650/310
f 1233/1631/305 1226/1664/305 1249/1666/305 1247/1665/305
f 1234/1667/305 1222/1634/305 1221/1663/305 1235/1662/305
f 1236/1634/309 1244/1667/309 1245/1662/309 1217/1663/309
f 1240/1668/308 1237/1642/308 1238/1669/308 1239/1670/308
f 1216/1642/307 1242/1668/307 1243/1670/307 1241/1669/307
f 1242/1636/306 1240/1627/306 1239/1657/306 1243/1658/306
f 1244/1656/306 1234/1653/306 1235/1654/306 1245/1655/306
f 1226/1652/306 1232/1649/306 1246/1650/306 1249/1651/306
usemtl _0125_Plum
f 1217/1630/307 1245/1646/307 1235/1647/307 1221/1629/307
f 1199/1622/306 1198/1621/306 1197/1637/306 1208/1626/306
f 1241/1630/305 1243/1646/305 1239/1647/305 1238/1629/305
f 1249/1647/308 1246/1646/308 1248/1630/308 1247/1629/308
f 1212/1630/309 1224/1629/309 1223/1647/309 1228/1646/309
o End_Table
v -0.537060 0.075000 3.974560
v -0.899560 0.075000 3.974560
v -0.537060 0.370503 3.974560
v -0.899560 0.370503 3.974560
v -0.899560 0.075000 3.949559
v 0.250440 0.395504 3.949559
v 0.250440 0.395504 3.549560
v 0.300881 0.395504 3.499560
v 0.250440 0.395504 3.499560
v -1.000000 0.395504 3.499560
v -0.949560 0.395504 3.499560
v 0.300881 0.445504 3.499560
v 0.300881 0.445504 4.000000
v -1.000000 0.395504 4.000000
v 0.300881 0.395504 4.000000
v -1.000000 0.445504 4.000000
v -1.000000 0.445504 3.499560
v -0.162060 0.075000 3.974560
v -0.162060 0.370503 3.974560
v 0.200441 0.370503 3.974560
v -0.162060 0.370503 3.949559
v -0.162060 0.075000 3.949559
v 0.200441 0.370503 3.949559
v 0.200441 0.075000 3.974560
v -0.949560 0.000000 3.949559
v -0.949560 0.075000 3.949559
v -0.949560 0.395504 3.549560
v -0.949560 0.000000 3.549560
v 0.250440 0.000000 3.949559
v 0.250440 0.075000 3.949559
v 0.200441 0.075000 3.949559
v -0.537060 0.075000 3.949559
v -0.512060 0.075000 3.949559
v -0.899560 0.370503 3.949559
v -0.949560 0.370503 3.949559
v -0.512060 0.370503 3.949559
v -0.537060 0.370503 3.949559
v -0.949560 0.395504 3.949559
v 0.250440 0.000000 3.549560
v 0.250440 0.370503 3.949559
v -0.512060 0.370503 3.974560
v -0.187060 0.075000 3.974560
v -0.187060 0.370503 3.974560
v -0.187060 0.370503 3.949559
v -0.512060 0.075000 3.974560
v -0.187060 0.075000 3.949559
vn -0.0000 1.0000 -0.0000
vn 1.0000 -0.0000 -0.0000
vn -1.0000 -0.0000 -0.0000
vn -0.0000 -0.0000 1.0000
vn -0.0000 -1.0000 -0.0000
vn -0.0000 -0.0000 -1.0000
vt 0.312500 0.404834
vt 0.312500 0.429834
vt -0.050000 0.429834
vt -0.050000 0.404834
vt 0.404834 0.615635
vt 0.404834 0.320132
vt 0.429834 0.320132
vt 0.429834 0.615635
vt -0.050000 0.320132
vt 0.312500 0.320132
vt 0.312500 0.615635
vt -0.050000 0.615635
vt -0.150440 0.379394
vt -0.150440 0.879834
vt -0.100000 0.879834
vt -0.100000 0.829834
vt -0.100000 0.429834
vt 1.100000 0.429834
vt 1.100000 0.829834
vt 1.100000 0.879834
vt 1.150440 0.879834
vt 1.150440 0.379394
vt 0.879834 0.640635
vt 0.379394 0.640635
vt 0.379394 0.690635
vt 0.879834 0.690635
vt 1.150440 0.640635
vt 1.100000 0.640635
vt -0.100000 0.640635
vt -0.150440 0.640635
vt -0.150440 0.690635
vt 1.150440 0.690635
vt 1.050000 0.615635
vt 0.687500 0.615635
vt 0.687500 0.320132
vt 1.050000 0.320132
vt 1.050000 0.429834
vt 0.687500 0.429834
vt 0.687500 0.404834
vt 1.050000 0.404834
vt 0.829834 0.245132
vt 0.429834 0.245132
vt 0.429834 0.640635
vt 0.829834 0.640635
vt 1.100000 0.245132
vt 1.100000 0.320132
vt 0.662500 0.320132
vt 0.337500 0.320132
vt -0.100000 0.320132
vt -0.100000 0.245132
vt -0.100000 0.615635
vt 1.100000 0.615635
vt 0.337500 0.615635
vt 0.662500 0.615635
vt 0.337500 0.429834
vt 0.337500 0.404834
vt 0.662500 0.404834
vt 0.662500 0.429834
s 0
usemtl _0125_Plum
f 1252/1671/311 1286/1672/311 1283/1673/311 1253/1674/311
f 1252/1675/312 1250/1676/312 1281/1677/312 1286/1678/312
f 1283/1678/313 1254/1677/313 1251/1676/313 1253/1675/313
f 1251/1679/314 1250/1680/314 1252/1681/314 1253/1682/314
f 1254/1673/315 1281/1672/315 1250/1671/315 1251/1674/315
f 1269/1703/314 1268/1704/314 1267/1705/314 1273/1706/314
f 1272/1707/311 1270/1708/311 1268/1709/311 1269/1710/311
f 1267/1676/313 1268/1675/313 1270/1678/313 1271/1677/313
f 1267/1709/315 1271/1708/315 1280/1707/315 1273/1710/315
f 1280/1677/312 1272/1678/312 1269/1675/312 1273/1676/312
f 1294/1676/313 1290/1675/313 1285/1678/313 1282/1677/313
f 1290/1723/314 1294/1718/314 1291/1717/314 1292/1724/314
f 1285/1725/311 1290/1726/311 1292/1727/311 1293/1728/311
f 1294/1726/315 1282/1725/315 1295/1728/315 1291/1727/315
f 1292/1675/312 1291/1676/312 1295/1677/312 1293/1678/312
usemtl _0048_PaleGoldenrod
f 1277/1711/313 1274/1712/313 1275/1677/313 1284/1678/313 1287/1713/313 1276/1714/313
f 1278/1688/315 1274/1687/315 1277/1686/315 1288/1689/315
f 1278/1715/314 1279/1716/314 1280/1706/314 1271/1705/314 1295/1717/314 1282/1718/314 1281/1680/314 1254/1679/314 1275/1719/314 1274/1720/314
f 1284/1721/314 1275/1719/314 1254/1679/314 1283/1682/314
f 1270/1704/314 1272/1703/314 1289/1722/314 1255/1698/314 1287/1699/314 1284/1721/314 1283/1682/314 1286/1681/314 1285/1723/314 1293/1724/314
f 1288/1715/316 1277/1720/316 1276/1699/316 1256/1698/316
f 1278/1712/312 1288/1711/312 1256/1714/312 1255/1713/312 1289/1678/312 1279/1677/312
f 1272/1703/314 1280/1706/314 1279/1716/314 1289/1722/314
f 1286/1681/314 1281/1680/314 1282/1718/314 1285/1723/314
f 1271/1705/314 1270/1704/314 1293/1724/314 1295/1717/314
f 1285/1723/314 1282/1718/314 1295/1717/314 1293/1724/314
usemtl _0068_LightGreen
f 1263/1683/315 1259/1684/315 1260/1685/315 1276/1686/315 1287/1687/315 1255/1688/315 1256/1689/315 1258/1690/315 1257/1691/315 1264/1692/315
f 1259/1693/313 1263/1694/313 1265/1695/313 1266/1696/313
f 1257/1697/316 1258/1698/316 1260/1699/316 1259/1700/316 1266/1701/316 1261/1702/316
f 1256/1689/315 1276/1686/315 1260/1685/315 1258/1690/315
f 1264/1694/312 1257/1693/312 1261/1696/312 1262/1695/312
f 1263/1700/314 1264/1697/314 1262/1702/314 1265/1701/314
f 1262/1692/311 1261/1691/311 1266/1684/311 1265/1683/311
o Logs
v 4.056250 0.097428 6.000000
v 4.000000 0.000000 5.935048
v 4.056250 0.097428 5.870096
v 3.796443 0.247428 5.870096
v 3.796443 0.247428 6.000000
v 3.740192 0.150000 5.935048
v 3.711703 0.129903 6.007503
v 3.819525 0.129903 5.935050
v 3.796988 0.227331 6.017965
v 3.964432 -0.020097 6.150693
v 3.941894 0.077331 6.233608
v 3.856610 -0.020097 6.223146
v 3.689188 -0.000000 6.126628
v 3.717358 0.064951 5.807469
v 3.587732 0.064951 6.078019
v 3.818814 0.129903 5.856079
v 3.818814 -0.000001 5.856079
v 3.689188 0.129903 6.126628
vn 0.5000 0.8660 -0.0000
vn 0.8660 -0.5000 -0.0000
vn -0.2500 -0.4330 -0.8660
vn -0.8660 0.5000 -0.0000
vn -0.2500 -0.4330 0.8660
vn -0.2789 -0.8660 -0.4150
vn -0.4830 0.5000 -0.7188
vn 0.8582 0.4330 -0.2755
vn 0.4830 -0.5000 0.7188
vn -0.5794 0.4330 0.6905
vn 0.9018 -0.0000 0.4321
vn -0.4321 -0.0000 0.9018
vn -0.4509 -0.8660 -0.2160
vn 0.4321 -0.0000 -0.9018
vn -0.4509 0.8660 -0.2160
vt 0.730815 0.501620
vt 0.730815 0.631524
vt 0.471008 0.631524
vt 0.471008 0.501620
vt 0.566572 0.402572
vt 0.631524 0.500000
vt 0.501620 0.500000
vt 0.730815 0.500000
vt 0.674565 0.402572
vt 0.414758 0.552572
vt 0.471008 0.650000
vt 0.631524 0.650000
vt 0.566572 0.552572
vt 0.501620 0.650000
vt 0.386269 0.494117
vt 0.494090 0.566570
vt 0.638997 0.350927
vt 0.531175 0.278473
vt 0.471553 0.629904
vt 0.494090 0.532476
vt 0.386269 0.532476
vt 0.566570 0.532476
vt 0.483655 0.629904
vt 0.268012 0.479904
vt 0.350927 0.382476
vt 0.638997 0.382476
vt 0.616459 0.479904
vt 0.531175 0.382476
vt 0.374991 0.532476
vt 0.374991 0.402572
vt 0.645541 0.402572
vt 0.645541 0.532476
vt 0.262298 0.467524
vt 0.363754 0.402572
vt 0.363754 0.532476
vt 0.363754 0.374991
vt 0.262298 0.423601
vt 0.391923 0.694151
vt 0.493380 0.645541
vt 0.493380 0.402572
vt 0.391923 0.467524
vt 0.493380 0.532476
vt 0.363754 0.374991
vt 0.493380 0.645541
s 0
usemtl _0048_PaleGoldenrod
f 1296/1729/317 1298/1730/317 1299/1731/317 1300/1732/317
f 1297/1733/318 1298/1734/318 1296/1735/318
f 1298/1736/319 1297/1737/319 1301/1738/319 1299/1739/319
f 1299/1740/320 1301/1741/320 1300/1742/320
f 1297/1737/321 1296/1736/321 1300/1739/321 1301/1738/321
f 1302/1743/322 1303/1744/322 1305/1745/322 1307/1746/322
f 1304/1747/323 1303/1748/323 1302/1749/323
f 1303/1750/324 1304/1751/324 1306/1752/324 1305/1753/324
f 1305/1754/325 1306/1755/325 1307/1756/325
f 1304/1747/326 1302/1749/326 1307/1756/326 1306/1755/326
f 1313/1757/327 1308/1758/327 1312/1759/327 1311/1760/327
f 1310/1761/328 1308/1762/328 1313/1763/328
f 1308/1764/329 1310/1765/329 1309/1766/329 1312/1767/329
f 1312/1768/330 1309/1769/330 1311/1770/330
f 1310/1765/331 1313/1771/331 1311/1772/331 1309/1766/331
o Side_Table
v 1.050440 0.075000 5.999559
v 1.050440 0.370503 5.974559
v 1.387941 0.075000 5.999559
v 1.387941 0.075000 5.974559
v 1.050440 0.075000 5.974559
v 1.050440 0.370503 5.999559
v 1.387941 0.370503 5.999559
v 1.387941 0.370503 5.974559
v 1.412941 0.395504 5.974559
v 1.412941 0.075000 5.974559
v 1.412941 0.370503 5.974559
v 1.412941 0.395504 5.574560
v 1.412941 0.000000 5.574560
v 1.025440 0.000000 5.574560
v 1.025440 0.395504 5.574560
v 1.438381 0.395504 6.000000
v 1.412941 0.395504 5.549560
v 1.025440 0.395504 5.549560
v 1.000000 0.395504 6.000000
v 1.025440 0.370503 5.974559
v 1.412941 0.000000 5.974559
v 1.025440 0.000000 5.974559
v 1.025440 0.075000 5.974559
v 1.025440 0.395504 5.974559
v 1.438381 0.395504 5.549560
v 1.438381 0.445504 6.000000
v 1.000000 0.445504 6.000000
v 1.000000 0.395504 5.549560
v 1.000000 0.445504 5.549560
v 1.438381 0.445504 5.549560
vn -1.0000 -0.0000 -0.0000
vn -0.0000 -1.0000 -0.0000
vn -0.0000 -0.0000 1.0000
vn -0.0000 1.0000 -0.0000
vn 1.0000 -0.0000 -0.0000
vn -0.0000 -0.0000 -1.0000
vt 0.377601 0.595093
vt 0.377601 0.299589
vt 0.352601 0.299589
vt 0.352601 0.595093
vt 0.331250 0.377601
vt 0.668750 0.377601
vt 0.668750 0.352601
vt 0.331250 0.352601
vt 0.331250 0.299589
vt 0.668750 0.299589
vt 0.668750 0.595093
vt 0.331250 0.595093
vt 0.377601 0.224589
vt 0.777601 0.224589
vt 0.777601 0.620093
vt 0.377601 0.620093
vt 0.693750 0.377601
vt 0.306250 0.377601
vt 0.306250 0.777601
vt 0.693750 0.777601
vt 0.693750 0.224589
vt 0.306250 0.224589
vt 0.306250 0.620093
vt 0.693750 0.620093
vt 0.280810 0.352161
vt 0.280810 0.802601
vt 0.306250 0.802601
vt 0.693750 0.802601
vt 0.719190 0.802601
vt 0.719190 0.352161
vt 0.306250 0.595093
vt 0.693750 0.595093
vt 0.693750 0.299589
vt 0.306250 0.299589
vt 0.280810 0.620093
vt 0.719190 0.620093
vt 0.719190 0.670093
vt 0.280810 0.670093
vt 0.352161 0.620093
vt 0.802601 0.620093
vt 0.802601 0.670093
vt 0.352161 0.670093
s 0
usemtl _0125_Plum
f 1315/1773/332 1318/1774/332 1314/1775/332 1319/1776/332
f 1318/1777/333 1317/1778/333 1316/1779/333 1314/1780/333
f 1314/1781/334 1316/1782/334 1320/1783/334 1319/1784/334
f 1320/1779/335 1321/1778/335 1315/1777/335 1319/1780/335
f 1320/1776/336 1316/1775/336 1317/1774/336 1321/1773/336
usemtl _0048_PaleGoldenrod
f 1334/1785/336 1326/1786/336 1325/1787/336 1322/1788/336 1324/1773/336 1323/1774/336
f 1334/1789/333 1335/1790/333 1327/1791/333 1326/1792/333
f 1326/1793/337 1327/1794/337 1328/1795/337 1325/1796/337
f 1332/1797/333 1341/1798/333 1331/1799/333 1328/1791/333 1337/1790/333 1322/1789/333 1325/1792/333 1330/1800/333 1338/1801/333 1329/1802/333
f 1337/1795/334 1333/1803/334 1315/1784/334 1321/1783/334 1324/1804/334 1322/1796/334
f 1321/1783/334 1317/1782/334 1323/1805/334 1324/1804/334
f 1334/1793/334 1323/1805/334 1317/1782/334 1318/1781/334 1336/1806/334 1335/1794/334
f 1327/1786/332 1335/1785/332 1336/1774/332 1333/1773/332 1337/1788/332 1328/1787/332
f 1333/1803/334 1336/1806/334 1318/1781/334 1315/1784/334
usemtl _0068_LightGreen
f 1332/1807/334 1329/1808/334 1339/1809/334 1340/1810/334
f 1329/1811/336 1338/1812/336 1343/1813/336 1339/1814/336
f 1339/1802/335 1343/1801/335 1342/1798/335 1340/1797/335
f 1341/1812/332 1332/1811/332 1340/1814/332 1342/1813/332
f 1338/1808/337 1330/1796/337 1331/1795/337 1341/1807/337 1342/1810/337 1343/1809/337
f 1325/1792/333 1328/1791/333 1331/1799/333 1330/1800/333
o Stairs_Block
v 5.000000 0.600000 2.800000
v 4.600000 0.600000 2.800000
v 4.900000 0.600000 4.000000
v 4.900000 0.800000 2.800000
v 4.900000 0.800000 4.000000
v 5.600000 0.800000 2.800000
v 5.200000 1.000000 2.800000
v 5.600000 1.000000 2.800000
v 5.300000 0.600000 2.800000
v 5.300000 0.800000 2.800000
v 5.300000 0.800000 4.000000
v 5.300000 0.600000 4.000000
v 5.000000 0.600000 4.000000
v 5.000000 0.400000 4.000000
v 4.700000 0.400000 4.000000
v 5.000000 0.400000 2.800000
v 4.600000 0.600000 4.000000
v 4.900000 0.600000 2.800000
v 5.200000 0.800000 4.000000
v 5.200000 1.000000 4.000000
v 5.200000 0.800000 2.800000
v 5.600000 1.000000 4.000000
v 5.600000 0.800000 4.000000
v 4.700000 0.200000 2.800000
v 4.700000 0.400000 2.800000
v 4.700000 0.200000 4.000000
v 4.400000 0.200000 2.800000
v 4.000000 0.000000 2.800000
v 4.300000 0.400000 2.800000
v 4.600000 0.400000 2.800000
v 4.600000 0.400000 4.000000
v 4.300000 0.200000 4.000000
v 4.400000 0.200000 4.000000
v 4.300000 0.400000 4.000000
v 4.400000 0.000000 4.000000
v 4.400000 0.000000 2.800000
v 4.000000 0.000000 4.000000
v 4.000000 0.200000 2.800000
v 4.300000 0.200000 2.800000
v 4.000000 0.200000 4.000000
vn -0.0000 -0.0000 -1.0000
vn -0.0000 -1.0000 -0.0000
vn -1.0000 -0.0000 -0.0000
vn -0.0000 1.0000 -0.0000
vn 1.0000 -0.0000 -0.0000
vn -0.0000 -0.0000 1.0000
vt 0.812500 0.562500
vt 0.625000 0.562500
vt 0.562500 0.562500
vt 0.562500 0.687500
vt 0.750000 0.687500
vt 0.812500 0.687500
vt 0.812500 0.875000
vt 0.625000 0.875000
vt 0.625000 0.125000
vt 0.812500 0.125000
vt 0.625000 0.437500
vt 0.437500 0.437500
vt 0.375000 0.437500
vt 0.375000 0.562500
vt 0.562500 0.125000
vt 0.562500 0.875000
vt 0.687500 0.875000
vt 0.687500 0.125000
vt 0.750000 0.875000
vt 0.750000 0.125000
vt 0.562500 0.125000
vt 1.000000 0.687500
vt 0.750000 0.812500
vt 1.000000 0.812500
vt 0.562500 0.562500
vt 0.625000 0.562500
vt 0.812500 0.562500
vt 0.812500 0.687500
vt 0.750000 0.687500
vt 0.562500 0.687500
vt 0.437500 0.875000
vt 0.437500 0.125000
vt 0.437500 0.875000
vt 0.437500 0.125000
vt 0.437500 0.312500
vt 0.250000 0.312500
vt 0.187500 0.312500
vt 0.187500 0.437500
vt 0.375000 0.875000
vt 0.562500 0.125000
vt 0.375000 0.125000
vt 0.812500 0.125000
vt 1.000000 0.875000
vt 1.000000 0.125000
vt 0.375000 0.437500
vt 0.437500 0.437500
vt 0.625000 0.437500
vt 0.375000 0.562500
vt 1.000000 0.687500
vt 0.312500 0.875000
vt 0.312500 0.125000
vt 0.437500 0.875000
vt 0.250000 0.875000
vt 0.250000 0.125000
vt 0.250000 0.187500
vt 0.000000 0.187500
vt 0.000000 0.312500
vt 0.187500 0.875000
vt 0.187500 0.125000
vt 0.187500 0.312500
vt 0.250000 0.312500
vt 0.437500 0.312500
vt 0.187500 0.437500
vt 0.187500 0.875000
vt 0.187500 0.125000
vt 0.000000 0.875000
vt 0.000000 0.125000
vt 0.187500 0.875000
vt 0.000000 0.187500
vt 0.250000 0.187500
vt 0.000000 0.312500
s 0
usemtl _0048_PaleGoldenrod.001
f 1352/1815/338 1344/1816/338 1361/1817/338 1347/1818/338 1364/1819/338 1353/1820/338
f 1355/1821/339 1356/1822/339 1344/1823/339 1352/1824/339
f 1359/1825/338 1368/1826/338 1373/1827/338 1345/1828/338 1361/1817/338 1344/1816/338
f 1361/1829/340 1346/1830/340 1348/1831/340 1347/1832/340
f 1348/1830/341 1362/1833/341 1364/1834/341 1347/1835/341
f 1349/1836/338 1353/1820/338 1364/1819/338 1350/1837/338 1351/1838/338
f 1355/1830/342 1352/1829/342 1353/1832/342 1354/1831/342
f 1346/1839/343 1356/1840/343 1355/1841/343 1354/1842/343 1362/1843/343 1348/1844/343
f 1357/1845/342 1359/1846/342 1344/1829/342 1356/1830/342
f 1357/1822/339 1358/1847/339 1368/1848/339 1359/1823/339
f 1367/1849/338 1370/1850/338 1382/1851/338 1372/1852/338 1373/1827/338 1368/1826/338
f 1373/1846/340 1374/1845/340 1360/1830/340 1345/1829/340
f 1360/1853/341 1346/1830/341 1361/1854/341 1345/1855/341
f 1364/1832/340 1362/1831/340 1363/1821/340 1350/1856/340
f 1366/1857/339 1354/1821/339 1353/1856/339 1349/1858/339
f 1363/1833/341 1365/1857/341 1351/1858/341 1350/1834/341
f 1366/1831/342 1349/1832/342 1351/1856/342 1365/1821/342
f 1374/1859/343 1358/1860/343 1357/1861/343 1356/1840/343 1346/1839/343 1360/1862/343
f 1362/1843/343 1354/1842/343 1366/1863/343 1365/1838/343 1363/1837/343
f 1369/1864/342 1367/1865/342 1368/1846/342 1358/1845/342
f 1369/1866/339 1376/1867/339 1370/1868/339 1367/1848/339
f 1379/1869/338 1371/1870/338 1381/1871/338 1382/1851/338 1370/1850/338
f 1382/1865/340 1375/1864/340 1377/1845/340 1372/1846/340
f 1377/1872/341 1374/1853/341 1373/1855/341 1372/1873/341
f 1375/1874/343 1376/1875/343 1369/1876/343 1358/1860/343 1374/1859/343 1377/1877/343
f 1378/1878/342 1379/1879/342 1370/1865/342 1376/1864/342
f 1380/1880/339 1371/1881/339 1379/1868/339 1378/1867/339
f 1371/1879/340 1380/1878/340 1383/1864/340 1381/1865/340
f 1383/1880/341 1375/1882/341 1382/1873/341 1381/1881/341
f 1380/1883/343 1378/1884/343 1376/1875/343 1375/1874/343 1383/1885/343
o Stairs_Box
v 8.250000 0.750000 2.750000
v 8.250000 0.750000 3.950000
v 7.950000 0.750000 3.950000
v 8.250000 0.950000 3.950000
v 8.250000 0.833333 2.750000
v 8.250000 0.833333 3.950000
v 8.125000 0.750000 3.950000
v 7.950000 0.600000 2.750000
v 7.950000 0.633333 2.750000
v 7.950000 0.750000 2.750000
v 8.125000 0.750000 2.750000
v 8.250000 0.950000 2.750000
v 8.550000 0.950000 2.750000
v 7.000000 0.000000 3.950000
v 7.050000 0.033333 3.950000
v 7.950000 0.633333 3.950000
v 8.425000 0.950000 3.950000
v 8.500000 1.000000 4.000000
v 8.200000 1.000000 3.950000
v 8.200000 0.800000 3.950000
v 7.900000 0.750000 3.950000
v 7.900000 0.600000 2.750000
v 7.950000 0.550000 2.750000
v 7.825000 0.550000 3.950000
v 7.950000 0.550000 3.950000
v 7.825000 0.550000 2.750000
v 7.000000 0.000000 2.700000
v 8.425000 0.950000 2.750000
v 7.600000 0.400000 2.750000
v 7.900000 0.800000 2.750000
v 7.900000 0.750000 2.750000
v 8.200000 0.800000 2.750000
v 8.200000 0.950000 2.750000
v 8.550000 1.000000 3.950000
v 8.550000 0.950000 3.950000
v 7.050000 0.000000 3.950000
v 7.350000 0.233333 3.950000
v 7.525000 0.350000 3.950000
v 8.500000 1.000000 3.950000
v 8.500000 1.200000 4.000000
v 7.000000 0.000000 4.000000
v 8.500000 1.200000 3.950000
v 7.650000 0.350000 2.750000
v 7.650000 0.550000 3.950000
v 7.650000 0.433333 3.950000
v 7.650000 0.550000 2.750000
v 8.500000 1.000000 2.700000
v 8.500000 1.200000 2.700000
v 7.600000 0.550000 2.750000
v 7.650000 0.433333 2.750000
v 7.525000 0.350000 2.750000
v 7.300000 0.200000 2.750000
v 7.350000 0.150000 2.750000
v 7.225000 0.150000 2.750000
v 7.050000 0.150000 2.750000
v 7.000000 0.000000 2.750000
v 7.000000 0.200000 2.700000
v 7.000000 0.150000 2.750000
v 8.500000 1.200000 2.750000
v 8.500000 1.000000 2.750000
v 8.550000 1.000000 2.750000
v 7.050000 0.033333 2.750000
v 7.000000 0.150000 3.950000
v 7.050000 0.000000 2.750000
v 7.050000 0.150000 3.950000
v 7.225000 0.150000 3.950000
v 7.350000 0.350000 3.950000
v 7.300000 0.350000 3.950000
v 7.300000 0.400000 3.950000
v 7.350000 0.150000 3.950000
v 7.350000 0.233333 2.750000
v 7.350000 0.350000 2.750000
v 7.650000 0.350000 3.950000
v 7.000000 0.200000 4.000000
v 7.000000 0.200000 3.950000
v 7.900000 0.600000 3.950000
v 7.600000 0.600000 2.750000
v 8.200000 0.950000 3.950000
v 7.900000 0.800000 3.950000
v 7.600000 0.400000 3.950000
v 7.600000 0.550000 3.950000
v 7.600000 0.600000 3.950000
v 7.000000 0.200000 2.750000
v 8.200000 1.000000 2.750000
v 7.300000 0.200000 3.950000
v 7.300000 0.350000 2.750000
v 7.300000 0.400000 2.750000
vn -0.0000 -1.0000 -0.0000
vn 1.0000 -0.0000 -0.0000
vn -0.0000 -0.0000 1.0000
vn -0.0000 -0.0000 -1.0000
vn 0.5547 -0.8321 -0.0000
vn 0.5547 -0.8320 -0.0000
vn -1.0000 -0.0000 -0.0000
vn -0.0000 1.0000 -0.0000
vn -0.5547 0.8321 -0.0000
vn -0.5547 0.8320 -0.0000
vt 1.041434 1.090977
vt 1.041434 -0.109023
vt 0.916434 -0.109023
vt 0.741434 -0.109023
vt 0.741434 1.090977
vt 0.916434 1.090977
vt -0.109023 0.916296
vt -0.109023 0.799629
vt -0.109023 0.716296
vt 1.090977 0.716296
vt 1.090977 0.799629
vt 1.090977 0.916296
vt 1.041434 0.716296
vt 1.041434 0.799629
vt 0.991434 0.766296
vt 0.916434 0.716296
vt 0.741434 0.599629
vt 0.741434 0.716296
vt 1.090977 0.516296
vt 1.090977 0.566296
vt 1.090977 0.599629
vt -0.109023 0.599629
vt -0.109023 0.516296
vt 1.216434 0.916296
vt 1.041434 0.916296
vt 1.341434 1.090977
vt 1.341434 -0.109023
vt 1.216434 -0.109023
vt 1.216434 1.090977
vt 1.125229 -0.233795
vt 1.125229 -0.183795
vt 1.125229 -0.008795
vt 1.125228 0.066205
vt 1.125229 0.116205
vt 1.125229 0.291205
vt 1.125229 0.366205
vt 1.125229 0.416205
vt 1.125229 0.591205
vt 1.125229 0.666205
vt 1.125229 0.716205
vt 1.125229 0.891205
vt 1.125229 0.966205
vt 1.125229 1.016205
vt 1.125229 1.191205
vt 1.125229 1.266205
vt 1.175229 1.266205
vt 1.175229 -0.233795
vt 0.741434 0.516296
vt 0.616434 0.516296
vt 0.691434 0.566296
vt 0.741434 0.566296
vt 0.616434 -0.109023
vt 0.441434 -0.109023
vt 0.441434 1.090977
vt 0.616434 1.090977
vt -0.124771 -0.233795
vt -0.124771 1.266206
vt -0.074771 1.266206
vt -0.074771 1.191206
vt -0.074771 1.016206
vt -0.074771 0.966205
vt -0.074771 0.891205
vt -0.074771 0.716205
vt -0.074771 0.666205
vt -0.074771 0.591205
vt -0.074771 0.416205
vt -0.074771 0.366206
vt -0.074771 0.291205
vt -0.074771 0.116206
vt -0.074771 0.066205
vt -0.074771 -0.008795
vt -0.074771 -0.183794
vt -0.074771 -0.233795
vt -0.109023 0.966296
vt 1.090977 0.966296
vt 1.341434 0.966296
vt 1.291434 0.966296
vt 1.341434 0.916296
vt -0.158566 -0.033704
vt -0.158566 -0.000371
vt -0.208566 -0.033704
vt 0.016434 0.116296
vt -0.158566 0.116296
vt 0.141434 0.199629
vt 0.091434 0.166296
vt 0.141434 0.116296
vt 0.316434 0.316296
vt 0.141434 0.316296
vt 0.441434 0.316296
vt 0.441434 0.399629
vt 0.391434 0.366296
vt 0.441434 0.516296
vt -0.109023 1.166296
vt -0.159023 1.166296
vt -0.159023 0.966296
vt 0.458073 -0.279607
vt 0.624463 -0.390578
vt 0.624795 1.412198
vt 0.458406 1.523169
vt -0.109023 0.116296
vt -0.109023 -0.033704
vt -0.159023 -0.033704
vt -0.159023 0.166296
vt -0.109023 0.166296
vt 0.432822 0.899143
vt 0.557684 0.816018
vt 0.391434 0.566296
vt 0.391202 0.926851
vt 0.390970 1.287406
vt 0.432591 1.259697
vt 0.557452 1.176573
vt 0.458339 1.162614
vt 0.391434 0.516296
vt 0.391434 0.566296
vt -0.109023 0.399629
vt -0.109023 0.316296
vt 1.090977 0.316296
vt 1.090977 0.399629
vt 1.140977 0.966296
vt 1.140977 1.166296
vt 1.090977 1.166296
vt 0.091434 0.366296
vt 0.091434 0.316296
vt -0.208566 0.166296
vt -0.208566 0.116296
vt 1.140977 0.166296
vt 1.140977 -0.033704
vt 1.090977 -0.033704
vt 1.090977 0.116296
vt 1.090977 0.166296
vt 1.291434 -0.109023
vt 1.291434 1.090977
vt 0.991434 1.090977
vt 0.991434 -0.109023
vt 1.090977 -0.000371
vt -0.109023 -0.000371
vt -0.208566 -0.109023
vt -0.208566 1.090977
vt -0.158566 1.090977
vt -0.158566 -0.109023
vt 0.141434 1.090977
vt 0.141434 -0.109023
vt 0.016434 -0.109023
vt 0.016434 1.090977
vt -0.109023 0.199629
vt 1.090977 0.199629
vt 0.316434 -0.109023
vt 0.316434 1.090977
vt -0.109023 0.566296
vt 0.391434 -0.109023
vt 0.691434 -0.109023
vt 0.691434 1.090977
vt 0.391434 1.090977
vt 1.090977 0.766296
vt -0.109023 0.766296
vt -0.109023 0.366296
vt 1.090977 0.366296
vt 0.391666 0.205741
vt 0.557916 0.455463
vt 0.433055 0.538587
vt 0.391898 -0.154814
vt 0.558147 0.094908
vt 0.433286 0.178032
vt 0.091434 -0.109023
vt 0.091434 1.090977
s 0
usemtl _0048_PaleGoldenrod
f 1384/1886/344 1385/1887/344 1390/1888/344 1386/1889/344 1393/1890/344 1394/1891/344
f 1387/1892/345 1389/1893/345 1385/1894/345 1384/1895/345 1388/1896/345 1395/1897/345
f 1385/1898/346 1389/1899/346 1403/1900/346 1390/1901/346
f 1390/1901/347 1399/1902/347 1386/1903/347
f 1406/1904/345 1391/1905/345 1392/1906/345 1393/1895/345 1386/1894/345 1399/1907/345 1408/1908/345
f 1392/1902/346 1394/1901/346 1393/1903/346
f 1394/1901/347 1415/1900/347 1388/1899/347 1384/1898/347
f 1400/1909/347 1389/1899/347 1387/1910/347
f 1388/1899/346 1411/1909/346 1395/1910/346
f 1396/1911/344 1418/1912/344 1400/1913/344 1387/1887/344 1395/1886/344 1411/1914/344
f 1397/1915/348 1398/1916/348 1449/1917/348 1468/1918/348 1420/1919/348 1421/1920/348 1463/1921/348 1428/1922/348 1407/1923/348 1459/1924/348 1399/1925/348 1390/1926/348 1403/1927/348 1389/1928/348 1400/1929/348 1422/1930/348 1401/1931/348 1424/1932/348
f 1406/1933/347 1409/1934/347 1405/1935/347 1391/1936/347
f 1391/1936/347 1405/1935/347 1392/1902/347
f 1407/1934/346 1408/1933/346 1399/1902/346 1459/1935/346
f 1406/1890/344 1408/1889/344 1407/1937/344 1427/1938/344 1429/1939/344 1409/1940/344
f 1410/1941/349 1430/1942/349 1443/1943/349 1411/1944/349 1388/1945/349 1415/1946/349 1394/1947/349 1392/1948/349 1405/1949/349 1409/1950/349 1433/1951/349 1412/1952/349 1434/1953/349 1454/1954/349 1435/1955/349 1437/1956/349 1445/1957/349 1439/1958/349
f 1417/1959/345 1418/1892/345 1396/1897/345 1444/1960/345
f 1417/1961/346 1422/1962/346 1400/1909/346 1418/1963/346
f 1396/1963/347 1411/1909/347 1443/1962/347 1444/1961/347
f 1419/1964/346 1398/1965/346 1397/1966/346
f 1449/1967/347 1398/1965/347 1448/1968/347
f 1420/1969/346 1468/1970/346 1449/1967/346 1453/1971/346
f 1421/1972/347 1420/1969/347 1450/1973/347
f 1421/1972/346 1456/1974/346 1428/1975/346 1463/1976/346
f 1407/1934/347 1428/1975/347 1427/1977/347
f 1422/1959/345 1425/1978/345 1423/1979/345 1401/1980/345
f 1457/1981/346 1424/1982/346 1401/1983/346 1423/1984/346
f 1446/1985/350 1397/1986/350 1424/1987/350 1457/1988/350 1458/1989/350
f 1404/1990/347 1459/1991/347 1465/1992/347 1462/1993/347
f 1462/1993/347 1402/1994/347 1461/1995/347 1403/1996/347
f 1425/1984/347 1422/1983/347 1402/1997/347
f 1464/1998/346 1463/1976/346 1428/1975/346 1427/1977/346 1407/1934/346 1459/1935/346 1465/1999/346
f 1428/2000/345 1456/2001/345 1426/2002/345 1433/2003/345 1429/1904/345 1427/1908/345
f 1433/1975/346 1409/1934/346 1429/1977/346
f 1410/1982/347 1440/1981/347 1431/1984/347 1430/1983/347
f 1430/2004/345 1431/2005/345 1442/2006/345 1443/1960/345
f 1405/1935/346 1460/1999/346 1432/1998/346 1412/1976/346 1433/1975/346 1429/1977/346 1409/1934/346
f 1434/1972/347 1412/1976/347 1433/1975/347 1426/1974/347
f 1435/1970/346 1454/1969/346 1455/1973/346 1434/1972/346 1412/1976/346 1470/2007/346 1469/2008/346
f 1454/1969/346 1434/1972/346 1455/1973/346
f 1435/1970/347 1454/1969/347 1436/1971/347 1437/1967/347
f 1437/1967/346 1435/1970/346 1466/2009/346 1441/2010/346 1439/1966/346 1445/1965/346 1438/1968/346
f 1445/1965/346 1437/1967/346 1438/1968/346
f 1447/1964/347 1439/1966/347 1445/1965/347
f 1440/2011/350 1410/2012/350 1439/2013/350 1441/2014/350 1466/2015/350
f 1442/1984/346 1467/1997/346 1443/1983/346
f 1467/1994/346 1413/1993/346 1415/1996/346 1416/1995/346
f 1413/1993/346 1460/1992/346 1405/1991/346 1414/1990/346
f 1422/2016/351 1417/1912/351 1444/1911/351 1443/2017/351 1467/2018/351 1402/2019/351
f 1447/2013/345 1445/2020/345 1438/2014/345 1448/1985/345 1398/2021/345 1419/1986/345
f 1448/1968/346 1449/1967/346 1468/1970/346 1458/2009/346 1446/2010/346 1397/1966/346 1398/1965/346
f 1397/2022/344 1439/2023/344 1447/2024/344 1419/2025/344
f 1436/2026/344 1453/2027/344 1449/2028/344 1448/2025/344 1438/2024/344 1437/2029/344
f 1450/1973/346 1421/1972/346 1463/1976/346 1452/2007/346 1451/2008/346 1468/1970/346 1420/1969/346
f 1450/2001/345 1420/2030/345 1453/1985/345 1436/2014/345 1454/2031/345 1455/2002/345
f 1426/1939/344 1456/1938/344 1421/2032/344 1450/2027/344 1455/2026/344 1434/2033/344
f 1452/1918/352 1458/1915/352 1457/1932/352 1423/1931/352 1425/1930/352 1402/1927/352 1462/1924/352 1465/1921/352
f 1397/1986/350 1446/1985/350 1441/2014/350 1439/2013/350
f 1466/2015/350 1441/2014/350 1446/1985/350 1458/1989/350
f 1459/2034/350 1404/1894/350 1414/1895/350 1405/1905/350
f 1465/2035/351 1459/2036/351 1405/2037/351 1460/2038/351
f 1413/2039/350 1414/1895/350 1404/1894/350 1462/2040/350
f 1467/1960/350 1416/1897/350 1461/1892/350 1402/1959/350
f 1403/2040/350 1461/1892/350 1416/1897/350 1415/2039/350
f 1462/2036/351 1403/2019/351 1415/2018/351 1413/2037/351
f 1463/2041/350 1464/1908/350 1432/1904/350 1412/2042/350
f 1460/1905/350 1432/1904/350 1464/1908/350 1465/2034/350
f 1431/1942/353 1440/1941/353 1466/1958/353 1470/1955/353 1460/1952/353 1413/1949/353 1467/1946/353 1442/1943/353
f 1460/1992/346 1470/2043/346 1412/2044/346 1432/2045/346
f 1466/2046/346 1435/2047/346 1469/2048/346 1470/2043/346
f 1458/2022/351 1468/2049/351 1435/2050/351 1466/2023/351
f 1452/2049/351 1463/2035/351 1412/2038/351 1470/2050/351
f 1470/2042/350 1469/2002/350 1451/2001/350 1452/2041/350
f 1468/1989/350 1451/2001/350 1469/2002/350 1435/2015/350
f 1458/2046/347 1452/2043/347 1451/2048/347 1468/2047/347
f 1464/2045/347 1463/2044/347 1452/2043/347 1465/1992/347
o Stairs_Hollow
v 11.300000 1.200000 2.800000
v 11.000000 1.200000 4.000000
v 11.300000 1.200000 4.000000
v 11.300000 1.150000 4.000000
v 11.000000 1.200000 2.800000
v 11.300000 1.150000 2.800000
v 11.000000 1.150000 2.800000
v 11.000000 1.150000 4.000000
v 10.400000 0.600000 4.000000
v 10.100000 0.600000 4.000000
v 10.100000 0.600000 2.800000
v 10.100000 0.550000 4.000000
v 10.400000 0.550000 2.800000
v 10.100000 0.550000 2.800000
v 10.400000 0.600000 2.800000
v 10.400000 0.550000 4.000000
v 9.800000 0.400000 2.750000
v 11.300000 1.200000 2.750000
v 11.300000 1.400000 2.750000
v 9.800000 0.200000 2.750000
v 9.800000 0.200000 2.800000
v 11.300000 1.400000 2.800000
v 9.800000 0.400000 4.000000
v 9.800000 0.400000 2.800000
v 10.100000 0.400000 4.000000
v 10.100000 0.400000 2.800000
v 10.100000 0.350000 2.800000
v 9.800000 0.350000 2.800000
v 10.100000 0.350000 4.000000
v 9.800000 0.350000 4.000000
v 10.700000 0.800000 4.000000
v 10.700000 0.800000 2.800000
v 10.400000 0.750000 4.000000
v 10.400000 0.750000 2.800000
v 10.400000 0.800000 4.000000
v 10.700000 0.750000 4.000000
v 10.700000 0.750000 2.800000
v 10.400000 0.800000 2.800000
v 10.700001 1.000000 4.000000
v 11.000000 1.000000 4.000000
v 10.700001 0.950000 4.000000
v 10.700001 1.000000 2.800000
v 11.000000 0.950000 4.000000
v 11.000000 1.000000 2.800000
v 11.000000 0.950000 2.800000
v 10.700001 0.950000 2.800000
v 9.800000 0.200000 4.000000
v 11.300000 1.200000 4.050000
v 11.300000 1.400000 4.050000
v 9.800000 0.400000 4.050000
v 9.800000 0.200000 4.050000
v 11.300000 1.400000 4.000000
vn -0.0000 1.0000 -0.0000
vn -1.0000 -0.0000 -0.0000
vn -0.0000 -0.0000 1.0000
vn 1.0000 -0.0000 -0.0000
vn -0.0000 -0.0000 -1.0000
vn -0.0000 -1.0000 -0.0000
vn 0.5547 -0.8321 -0.0000
vn -0.5547 0.8321 -0.0000
vt 0.950000 1.100000
vt 0.950000 -0.100000
vt 1.250000 -0.100000
vt 1.250000 1.100000
vt 1.100000 0.867857
vt -0.100000 0.867857
vt -0.100000 0.917857
vt 1.100000 0.917857
vt 0.950000 0.867857
vt 1.250000 0.867857
vt 1.250000 0.917857
vt 0.950000 0.917857
vt 0.050000 1.100000
vt 0.050000 -0.100000
vt 0.350000 -0.100000
vt 0.350000 1.100000
vt 1.100000 0.267857
vt -0.100000 0.267857
vt -0.100000 0.317857
vt 1.100000 0.317857
vt 0.050000 0.267857
vt 0.350000 0.267857
vt 0.350000 0.317857
vt 0.050000 0.317857
vt -0.133794 -0.275229
vt -0.133794 1.224771
vt -0.083794 1.224771
vt -0.083794 -0.275229
vt 0.288659 -0.438914
vt 0.122133 -0.328147
vt 0.120256 1.474628
vt 0.286781 1.363861
vt 1.150000 0.917857
vt 1.150000 1.117857
vt 1.100000 1.117857
vt 0.286781 1.363861
vt 1.150000 0.117857
vt 1.150000 -0.082143
vt 1.100000 -0.082143
vt 1.100000 0.117857
vt -0.083794 -0.275229
vt -0.083794 1.224771
vt -0.250000 1.100000
vt -0.250000 -0.100000
vt 0.050000 -0.100000
vt 0.050000 1.100000
vt 1.100000 0.067857
vt -0.100000 0.067857
vt -0.100000 0.117857
vt -0.250000 0.067857
vt 0.050000 0.067857
vt 0.050000 0.117857
vt -0.250000 0.117857
vt 0.350000 1.100000
vt 0.350000 -0.100000
vt 0.650000 -0.100000
vt 0.650000 1.100000
vt 1.100000 0.467857
vt -0.100000 0.467857
vt -0.100000 0.517857
vt 1.100000 0.517857
vt 0.350000 0.467857
vt 0.650000 0.467857
vt 0.650000 0.517857
vt 0.350000 0.517857
vt 0.650000 1.100000
vt 0.650000 -0.100000
vt 0.950000 -0.100000
vt 0.950000 1.100000
vt 1.100000 0.667857
vt -0.100000 0.667857
vt -0.100000 0.717857
vt 1.100000 0.717857
vt 0.650000 0.667857
vt 0.950000 0.667857
vt 0.950000 0.717857
vt 0.650000 0.717857
vt 1.116206 -0.275229
vt 1.116206 1.224771
vt 1.166206 1.224771
vt 1.166206 -0.275229
vt -0.100000 1.117857
vt -0.150000 1.117857
vt -0.150000 0.917857
vt -0.100000 -0.082143
vt -0.150000 -0.082143
vt -0.150000 0.117857
vt 1.116206 1.224771
s 0
usemtl _0048_PaleGoldenrod
f 1475/2051/354 1472/2052/354 1473/2053/354 1471/2054/354
f 1477/2055/355 1478/2056/355 1472/2057/355 1475/2058/355
f 1478/2059/356 1474/2060/356 1473/2061/356 1472/2062/356
f 1474/2056/357 1476/2055/357 1471/2058/357 1473/2057/357
f 1476/2060/358 1477/2059/358 1475/2062/358 1471/2061/358
f 1478/2052/359 1477/2051/359 1476/2054/359 1474/2053/359
f 1481/2063/354 1480/2064/354 1479/2065/354 1485/2066/354
f 1484/2067/355 1482/2068/355 1480/2069/355 1481/2070/355
f 1482/2071/356 1486/2072/356 1479/2073/356 1480/2074/356
f 1486/2068/357 1483/2067/357 1485/2070/357 1479/2069/357
f 1483/2072/358 1484/2071/358 1481/2074/358 1485/2073/358
f 1482/2064/359 1484/2063/359 1483/2066/359 1486/2065/359
f 1490/2075/360 1488/2076/360 1471/2077/360 1491/2078/360
f 1490/2079/358 1487/2080/358 1489/2081/358 1488/2082/358
f 1488/2083/357 1489/2084/357 1492/2085/357 1471/2058/357
f 1494/2080/356 1491/2079/356 1471/2086/356 1492/2081/356
f 1487/2087/355 1490/2088/355 1491/2089/355 1494/2090/355
f 1489/2076/361 1487/2075/361 1494/2091/361 1492/2092/361
f 1494/2093/354 1493/2094/354 1495/2095/354 1496/2096/354
f 1498/2097/355 1500/2098/355 1493/2099/355 1494/2090/355
f 1500/2100/356 1499/2101/356 1495/2102/356 1493/2103/356
f 1499/2098/357 1497/2097/357 1496/2090/357 1495/2099/357
f 1497/2101/358 1498/2100/358 1494/2103/358 1496/2102/358
f 1500/2094/359 1498/2093/359 1497/2096/359 1499/2095/359
f 1508/2104/354 1505/2105/354 1501/2106/354 1502/2107/354
f 1504/2108/355 1503/2109/355 1505/2110/355 1508/2111/355
f 1503/2112/356 1506/2113/356 1501/2114/356 1505/2115/356
f 1506/2109/357 1507/2108/357 1502/2111/357 1501/2110/357
f 1507/2113/358 1504/2112/358 1508/2115/358 1502/2114/358
f 1503/2105/359 1504/2104/359 1507/2107/359 1506/2106/359
f 1512/2116/354 1509/2117/354 1510/2118/354 1514/2119/354
f 1516/2120/355 1511/2121/355 1509/2122/355 1512/2123/355
f 1511/2124/356 1513/2125/356 1510/2126/356 1509/2127/356
f 1513/2121/357 1515/2120/357 1514/2123/357 1510/2122/357
f 1515/2125/358 1516/2124/358 1512/2127/358 1514/2126/358
f 1511/2117/359 1516/2116/359 1515/2119/359 1513/2118/359
f 1517/2128/360 1473/2129/360 1518/2130/360 1521/2131/360
f 1517/2079/358 1493/2080/358 1522/2081/358 1473/2086/358
f 1473/2057/357 1522/2132/357 1519/2133/357 1518/2134/357
f 1520/2080/356 1521/2079/356 1518/2082/356 1519/2081/356
f 1493/2099/355 1517/2135/355 1521/2136/355 1520/2137/355
f 1522/2138/361 1493/2128/361 1520/2131/361 1519/2130/361
o Stove
v -0.750000 0.150000 5.575000
v -0.750000 0.150000 6.025000
v -1.050000 0.150000 6.025000
v -1.050000 0.150000 5.575000
v -1.050000 0.500000 5.575000
v -0.750000 0.500000 6.025000
v -1.000000 0.200000 6.025000
v -0.800000 0.200000 6.025000
v -1.050000 0.500000 6.025000
v -0.800000 0.450000 6.025000
v -0.841363 0.510000 5.628238
v -0.900000 0.510000 5.600000
v -0.841363 2.150000 5.628238
v -0.826880 2.150000 5.691689
v -0.867459 0.510000 5.742572
v -0.958637 2.150000 5.628238
v -0.900000 2.150000 5.600000
v -0.973120 0.510000 5.691689
v -0.973120 2.150000 5.691689
v -0.932541 2.150000 5.742572
v -0.867459 2.150000 5.742572
v -0.965000 0.450000 6.045000
v -0.924050 0.450000 6.055000
v -0.924050 0.405711 6.055000
v -0.924050 0.308777 6.055000
v -0.965000 0.200000 6.045000
v -1.000000 0.450000 6.025000
v -0.875950 0.271646 6.055000
v -0.924050 0.271646 6.055000
v -0.914050 0.308777 6.055000
v -0.914050 0.405711 6.055000
v -0.875950 0.450000 6.055000
v -0.875950 0.200000 6.055000
v -0.924050 0.200000 6.055000
v -0.875950 0.405711 6.055000
v -0.875950 0.308777 6.055000
v -0.885950 0.308777 6.045000
v -0.885950 0.308777 6.055000
v -0.885950 0.405711 6.045000
v -0.914050 0.405711 6.045000
v -0.835000 0.246119 6.045000
v -0.835000 0.200000 6.045000
v -0.835000 0.450000 6.045000
v -0.875950 0.246119 6.055000
v -0.924050 0.246119 6.055000
v -0.965000 0.246119 6.045000
v -0.885950 0.405711 6.055000
v -1.075000 0.510000 6.050000
v -1.075000 0.510000 5.550000
v -0.958637 0.510000 5.628238
v -0.826880 0.510000 5.691689
v -0.932541 0.510000 5.742572
v -0.725000 0.510000 5.550000
v -1.075000 0.500000 5.550000
v -0.725000 0.500000 6.050000
v -1.075000 0.500000 6.050000
v -0.725000 0.510000 6.050000
v -0.725000 0.500000 5.550000
v -0.750000 0.500000 5.575000
v -0.775000 -0.000000 5.600000
v -0.825000 0.150000 5.600000
v -0.775000 -0.000000 5.625000
v -0.775000 0.150000 5.650000
v -0.775000 0.150000 5.600000
v -0.800000 -0.000000 5.600000
v -0.800000 -0.000000 5.625000
v -1.025000 -0.000000 5.600000
v -1.000000 -0.000000 5.600000
v -0.975000 0.150000 5.600000
v -1.025000 0.000000 5.625000
v -1.000000 0.000000 5.625000
v -1.025000 0.150000 5.650000
v -1.025000 0.150000 5.600000
v -0.775000 -0.000000 6.000000
v -0.800000 -0.000000 6.000000
v -0.800000 -0.000000 5.975000
v -0.775000 -0.000000 5.975000
v -0.775000 0.150000 5.950000
v -0.775000 0.150000 6.000000
v -0.825000 0.150000 6.000000
v -1.000000 -0.000000 5.975000
v -1.025000 -0.000000 5.975000
v -1.025000 0.150000 5.950000
v -1.025000 0.150000 6.000000
v -1.025000 -0.000000 6.000000
v -1.000000 -0.000000 6.000000
v -0.975000 0.150000 6.000000
v -0.835000 0.271646 6.045000
v -0.965000 0.271646 6.045000
v -0.914050 0.308777 6.045000
v -0.775000 -0.000000 5.600000
v -0.825000 0.150000 5.600000
v -0.775000 -0.000000 5.625000
v -0.775000 0.150000 5.650000
v -0.775000 0.150000 5.600000
v -0.800000 -0.000000 5.600000
v -0.800000 -0.000000 5.625000
v -1.025000 -0.000000 5.600000
v -1.000000 -0.000000 5.600000
v -0.975000 0.150000 5.600000
v -1.025000 0.000000 5.625000
v -1.000000 0.000000 5.625000
v -1.025000 0.150000 5.650000
v -1.025000 0.150000 5.600000
v -0.775000 -0.000000 6.000000
v -0.800000 -0.000000 6.000000
v -0.800000 -0.000000 5.975000
v -0.775000 -0.000000 5.975000
v -0.775000 0.150000 5.950000
v -0.775000 0.150000 6.000000
v -0.825000 0.150000 6.000000
v -1.000000 -0.000000 5.975000
v -1.025000 -0.000000 5.975000
v -1.025000 0.150000 5.950000
v -1.025000 0.150000 6.000000
v -1.025000 -0.000000 6.000000
v -1.000000 -0.000000 6.000000
v -0.975000 0.150000 6.000000
v -1.075000 0.500000 6.050000
v -1.075000 0.500000 5.550000
v -0.725000 0.500000 5.550000
v -0.725000 0.500000 6.050000
vn 1.0000 -0.0000 -0.0000
vn -0.0000 -1.0000 -0.0000
vn -0.0000 -0.0000 -1.0000
vn -1.0000 -0.0000 -0.0000
vn -0.0000 -0.0000 1.0000
vn 0.9749 -0.0000 -0.2225
vn 0.4339 -0.0000 -0.9010
vn 0.7818 -0.0000 0.6235
vn -0.4339 -0.0000 -0.9010
vn -0.9749 -0.0000 -0.2225
vn -0.7818 -0.0000 0.6235
vn -0.0000 1.0000 -0.0000
vn -0.2372 -0.0000 0.9715
vn -0.4961 -0.0000 0.8682
vn 0.2372 -0.0000 0.9715
vn 0.4961 -0.0000 0.8682
vt 0.354720 0.204065
vt 0.804720 0.204065
vt 0.804720 0.554066
vt 0.354720 0.554066
vt 0.354720 0.350000
vt 0.354720 0.650000
vt 0.804720 0.650000
vt 0.804720 0.350000
vt 0.350000 0.204065
vt 0.650000 0.204065
vt 0.650000 0.554066
vt 0.350000 0.554066
vt 0.688031 0.564065
vt 0.751482 0.564065
vt 0.751482 2.204065
vt 0.688031 2.204065
vt 0.441363 0.564065
vt 0.500000 0.564065
vt 0.500000 2.204065
vt 0.441363 2.204065
vt 0.637148 0.564065
vt 0.637148 2.204065
vt 0.558637 0.564065
vt 0.558637 2.204065
vt 0.532541 0.564065
vt 0.467459 0.564065
vt 0.467459 2.204065
vt 0.532541 2.204065
vt 0.751482 0.441363
vt 0.779720 0.500000
vt 0.751482 0.558637
vt 0.688031 0.573120
vt 0.637148 0.532541
vt 0.637148 0.467459
vt 0.688031 0.426880
vt 0.565000 0.504065
vt 0.565000 0.325712
vt 0.524050 0.325712
vt 0.524050 0.362843
vt 0.524050 0.459777
vt 0.524050 0.504065
vt 0.600000 0.504065
vt 0.600000 0.254065
vt 0.565000 0.254065
vt 0.565000 0.300184
vt 0.324720 0.475950
vt 0.334720 0.435000
vt 0.334720 0.565000
vt 0.324720 0.524050
vt 0.475950 0.325712
vt 0.475950 0.362843
vt 0.485950 0.362843
vt 0.514050 0.362843
vt 0.514050 0.459777
vt 0.485950 0.459777
vt 0.475950 0.459777
vt 0.475950 0.504065
vt 0.354720 0.400000
vt 0.354720 0.600000
vt 0.524050 0.254065
vt 0.524050 0.300184
vt 0.435000 0.325712
vt 0.435000 0.504065
vt 0.334720 0.514050
vt 0.324720 0.514050
vt 0.324720 0.485950
vt 0.334720 0.485950
vt 0.324720 0.459777
vt 0.324720 0.362843
vt 0.334720 0.362843
vt 0.334720 0.459777
vt 0.400000 0.254065
vt 0.400000 0.504065
vt 0.435000 0.300184
vt 0.435000 0.254065
vt 0.475950 0.300184
vt 0.475950 0.254065
vt 0.829720 0.325000
vt 0.829720 0.675000
vt 0.329720 0.675000
vt 0.329720 0.325000
vt 0.325000 0.554066
vt 0.675000 0.554066
vt 0.675000 0.564065
vt 0.325000 0.564065
vt 0.829720 0.554066
vt 0.329720 0.554066
vt 0.329720 0.564065
vt 0.829720 0.564065
vt 0.425000 0.204065
vt 0.375000 0.204065
vt 0.375000 0.054065
vt 0.400000 0.054065
vt 0.779720 0.054065
vt 0.779720 0.204065
vt 0.729720 0.204065
vt 0.754720 0.054065
vt 0.779720 0.375000
vt 0.754720 0.375000
vt 0.754720 0.400000
vt 0.779720 0.400000
vt 0.625000 0.204065
vt 0.575000 0.204065
vt 0.600000 0.054065
vt 0.625000 0.054065
vt 0.754720 0.625000
vt 0.779720 0.625000
vt 0.779720 0.600000
vt 0.754720 0.600000
vt 0.404720 0.375000
vt 0.379720 0.375000
vt 0.379720 0.400000
vt 0.404720 0.400000
vt 0.379720 0.204065
vt 0.379720 0.054065
vt 0.404720 0.054065
vt 0.429720 0.204065
vt 0.379720 0.625000
vt 0.404720 0.625000
vt 0.404720 0.600000
vt 0.379720 0.600000
s 0
usemtl _0048_PaleGoldenrod
f 1524/2139/362 1523/2140/362 1581/2141/362 1528/2142/362
f 1524/2143/363 1525/2144/363 1526/2145/363 1523/2146/363
f 1523/2147/364 1526/2148/364 1527/2149/364 1581/2150/364
f 1526/2140/365 1525/2139/365 1531/2142/365 1527/2141/365
f 1525/2148/366 1524/2147/366 1528/2150/366 1531/2149/366
f 1535/2167/373 1539/2168/373 1538/2169/373 1541/2170/373 1542/2171/373 1543/2172/373 1536/2173/373
f 1544/2174/374 1611/2175/374 1551/2176/374 1547/2177/374 1546/2178/374 1545/2179/374
f 1611/2175/375 1544/2174/375 1549/2180/375 1529/2181/375 1548/2182/375 1568/2183/375
f 1550/2184/373 1610/2185/373 1611/2186/373 1551/2187/373
f 1550/2188/366 1558/2189/366 1560/2190/366 1552/2191/366 1547/2177/366 1551/2176/366
f 1546/2178/366 1547/2177/366 1552/2191/366 1553/2192/366
f 1545/2179/366 1546/2178/366 1553/2192/366 1569/2193/366 1557/2194/366 1554/2195/366
f 1565/2185/373 1532/2196/373 1549/2197/373 1544/2186/373 1545/2187/373 1554/2184/373
f 1556/2187/363 1548/2186/363 1529/2197/363 1530/2196/363 1564/2185/363 1555/2184/363
f 1556/2198/374 1567/2199/374 1568/2183/374 1548/2182/374
f 1558/2189/376 1550/2188/376 1610/2200/376 1565/2201/376 1554/2195/376 1557/2194/376
f 1558/2189/366 1557/2194/366 1569/2193/366 1560/2190/366
f 1612/2202/373 1552/2203/373 1560/2204/373 1559/2205/373
f 1553/2206/362 1552/2207/362 1612/2208/362 1562/2209/362
f 1569/2204/363 1553/2203/363 1562/2202/363 1561/2205/363
f 1530/2210/377 1532/2211/377 1565/2201/377 1610/2200/377 1563/2212/377 1564/2213/377
f 1564/2213/376 1563/2212/376 1566/2214/376 1555/2215/376
f 1555/2215/366 1566/2214/366 1567/2199/366 1556/2198/366
f 1566/2184/373 1563/2185/373 1568/2186/373 1567/2187/373
f 1560/2207/365 1569/2206/365 1561/2209/365 1559/2208/365
f 1575/2216/373 1571/2217/373 1570/2218/373 1579/2219/373
f 1540/2170/373 1574/2171/373 1537/2172/373 1573/2173/373
f 1580/2220/364 1576/2221/364 1571/2222/364 1575/2223/364
f 1576/2224/365 1578/2225/365 1570/2226/365 1571/2227/365
f 1578/2221/366 1577/2220/366 1579/2223/366 1570/2222/366
f 1577/2225/362 1580/2224/362 1575/2227/362 1579/2226/362
f 1583/2228/364 1586/2229/364 1582/2230/364 1587/2231/364
f 1582/2232/362 1586/2233/362 1585/2234/362 1584/2235/362
f 1582/2236/363 1584/2237/363 1588/2238/363 1587/2239/363
f 1595/2240/364 1591/2241/364 1590/2242/364 1589/2243/364
f 1592/2244/363 1589/2245/363 1590/2246/363 1593/2247/363
f 1595/2233/365 1589/2232/365 1592/2235/365 1594/2234/365
f 1599/2248/363 1596/2249/363 1597/2250/363 1598/2251/363
f 1601/2252/362 1596/2253/362 1599/2254/362 1600/2255/362
f 1601/2229/366 1602/2228/366 1597/2231/366 1596/2230/366
f 1607/2256/363 1604/2257/363 1603/2258/363 1608/2259/363
f 1607/2253/365 1606/2252/365 1605/2255/365 1604/2254/365
f 1609/2241/366 1606/2240/366 1607/2243/366 1608/2242/366
f 1614/2228/366 1618/2231/366 1613/2230/366 1617/2229/366
f 1613/2232/365 1615/2235/365 1616/2234/365 1617/2233/365
f 1613/2236/373 1618/2239/373 1619/2238/373 1615/2237/373
f 1626/2240/366 1620/2243/366 1621/2242/366 1622/2241/366
f 1623/2244/373 1624/2247/373 1621/2246/373 1620/2245/373
f 1626/2233/362 1625/2234/362 1623/2235/362 1620/2232/362
f 1630/2248/373 1629/2251/373 1628/2250/373 1627/2249/373
f 1632/2252/365 1631/2255/365 1630/2254/365 1627/2253/365
f 1632/2229/364 1627/2230/364 1628/2231/364 1633/2228/364
f 1638/2256/373 1639/2259/373 1634/2258/373 1635/2257/373
f 1638/2253/362 1635/2254/362 1636/2255/362 1637/2252/362
f 1640/2241/364 1639/2242/364 1638/2243/364 1637/2240/364
f 1643/2216/363 1644/2219/363 1641/2218/363 1642/2217/363
usemtl _0125_Plum
f 1573/2151/367 1533/2152/367 1535/2153/367 1536/2154/367
f 1533/2155/368 1534/2156/368 1539/2157/368 1535/2158/368
f 1537/2159/369 1573/2151/369 1536/2154/369 1543/2160/369
f 1534/2156/370 1572/2161/370 1538/2162/370 1539/2157/370
f 1574/2163/366 1537/2164/366 1543/2165/366 1542/2166/366
f 1572/2152/371 1540/2151/371 1541/2154/371 1538/2153/371
f 1540/2151/372 1574/2159/372 1542/2160/372 1541/2154/372
usemtl _0068_LightGreen
f 1611/2175/366 1568/2183/366 1563/2212/366 1610/2200/366
f 1612/2191/366 1559/2190/366 1561/2193/366 1562/2192/366
o Trunk_Small
v 0.000000 0.000000 6.000000
v 0.600000 0.000000 6.000000
v 0.000000 0.000000 5.600000
v 0.000000 0.300000 5.600000
v 0.600000 0.000000 5.600000
v 0.600000 0.300000 6.000000
v 0.000000 0.400000 6.000000
v 0.600000 0.400000 6.000000
v 0.000000 0.300000 6.000000
v 0.600000 0.300000 5.600000
v 0.000000 0.400000 5.600000
v 0.600000 0.400000 5.600000
vn -0.0000 -1.0000 -0.0000
vn -0.0000 -0.0000 1.0000
vn -1.0000 -0.0000 -0.0000
vn -0.0000 -0.0000 -1.0000
vn 1.0000 -0.0000 -0.0000
vn -0.0000 1.0000 -0.0000
vt 0.800000 0.300000
vt 0.200000 0.300000
vt 0.200000 0.700000
vt 0.800000 0.700000
vt 0.200000 0.254546
vt 0.800000 0.254546
vt 0.800000 0.554545
vt 0.200000 0.554545
vt 0.700000 0.254546
vt 0.300000 0.254546
vt 0.300000 0.554545
vt 0.700000 0.554545
vt 0.800000 0.654545
vt 0.200000 0.654545
vt 0.700000 0.654545
vt 0.300000 0.654545
s 0
usemtl _0048_PaleGoldenrod
f 1646/2260/378 1645/2261/378 1647/2262/378 1649/2263/378
f 1645/2264/379 1646/2265/379 1650/2266/379 1653/2267/379
f 1647/2268/380 1645/2269/380 1653/2270/380 1648/2271/380
f 1649/2265/381 1647/2264/381 1648/2267/381 1654/2266/381
f 1646/2269/382 1649/2268/382 1654/2271/382 1650/2270/382
f 1653/2261/383 1650/2260/383 1654/2263/383 1648/2262/383
usemtl _0125_Plum
f 1651/2261/383 1652/2260/383 1656/2263/383 1655/2262/383
f 1653/2267/379 1650/2266/379 1652/2272/379 1651/2273/379
f 1650/2270/382 1654/2271/382 1656/2274/382 1652/2275/382
f 1654/2266/381 1648/2267/381 1655/2273/381 1656/2272/381
f 1648/2271/380 1653/2270/380 1651/2275/380 1655/2274/380
o Wall_B_Pillar
v 1.500000 -1.000000 2.000000
v 1.500000 1.250000 2.000000
v 1.000000 -1.000000 1.500000
v 1.500000 1.250000 1.500000
v 1.500000 -1.000000 1.500000
v 1.000000 1.250000 2.000000
v 1.000000 -1.000000 2.000000
v 1.000000 1.250000 1.500000
v 1.100000 2.500000 1.600000
v 1.400000 2.500000 1.900000
v 1.100000 2.500000 1.900000
v 1.100000 1.250000 1.900000
v 1.400000 2.500000 1.600000
v 1.400000 1.250000 1.900000
v 1.100000 1.250000 1.600000
v 1.400000 1.250000 1.600000
vn -0.0000 -0.0000 1.0000
vn -0.0000 1.0000 -0.0000
vn 1.0000 -0.0000 -0.0000
vn -1.0000 -0.0000 -0.0000
vn -0.0000 -0.0000 -1.0000
vt 0.250000 -1.250000
vt 0.750000 -1.250000
vt 0.750000 1.000000
vt 0.250000 1.000000
vt 0.250000 0.250000
vt 0.250000 0.750000
vt 0.750000 0.750000
vt 0.750000 0.250000
vt -1.250000 0.750000
vt -1.250000 0.250000
vt 1.000000 0.250000
vt 1.000000 0.750000
vt 0.250000 0.250000
vt 0.250000 0.750000
vt 0.750000 0.750000
vt 0.750000 0.250000
vt 0.350000 0.650000
vt 0.650000 0.650000
vt 0.650000 0.350000
vt 0.350000 0.350000
vt 0.650000 2.250000
vt 0.350000 2.250000
vt 0.350000 1.000000
vt 0.650000 1.000000
vt 2.250000 0.650000
vt 2.250000 0.350000
vt 1.000000 0.350000
vt 1.000000 0.650000
s 0
usemtl _0125_Plum
f 1663/2276/384 1657/2277/384 1658/2278/384 1662/2279/384
f 1659/2280/385 1663/2281/385 1657/2282/385 1661/2283/385
f 1657/2284/386 1661/2285/386 1660/2286/386 1658/2287/386
f 1659/2285/387 1663/2284/387 1662/2287/387 1664/2286/387
f 1661/2277/388 1659/2276/388 1664/2279/388 1660/2278/388
f 1664/2288/385 1662/2289/385 1658/2290/385 1660/2291/385
usemtl _0048_PaleGoldenrod
f 1667/2292/385 1666/2293/385 1669/2294/385 1665/2295/385
f 1666/2296/384 1667/2297/384 1668/2298/384 1670/2299/384
f 1667/2300/387 1665/2301/387 1671/2302/387 1668/2303/387
f 1669/2301/386 1666/2300/386 1670/2303/386 1672/2302/386
f 1665/2297/388 1669/2296/388 1672/2299/388 1671/2298/388
o Wall_C
v 10.000000 2.500000 0.000000
v 10.000000 2.500000 -0.250000
v 12.000000 2.500000 0.000000
v 12.000000 2.500000 -0.250000
v 12.000000 1.100000 0.000000
v 10.000000 -1.000000 0.000000
v 10.000000 1.100000 0.000000
v 12.000000 -1.000000 0.000000
v 10.000000 -1.000000 -0.250000
v 10.000000 1.100000 -0.250000
v 12.000000 -1.000000 -0.250000
v 12.000000 1.100000 -0.250000
vn -1.0000 -0.0000 -0.0000
vn -0.0000 -0.0000 -1.0000
vn -0.0000 -0.0000 1.0000
vn -0.0000 1.0000 -0.0000
vn 1.0000 -0.0000 -0.0000
vn -0.0000 -1.0000 -0.0000
vt 2.250000 0.375000
vt 0.850000 0.375000
vt 0.850000 0.625000
vt 2.250000 0.625000
vt 1.500000 2.250000
vt 1.500000 0.850000
vt -0.500000 0.850000
vt -0.500000 2.250000
vt -0.500000 0.625000
vt 1.500000 0.625000
vt 1.500000 0.375000
vt -0.500000 0.375000
vt 1.500000 0.625000
vt -0.500000 0.625000
vt -0.500000 0.375000
vt 1.500000 0.375000
vt 1.500000 -1.250000
vt -0.500000 -1.250000
vt -1.250000 0.625000
vt -1.250000 0.375000
s 0
usemtl _0048_PaleGoldenrod
f 1674/2304/389 1682/2305/389 1679/2306/389 1673/2307/389
f 1676/2308/390 1684/2309/390 1682/2310/390 1674/2311/390
f 1673/2311/391 1679/2310/391 1677/2309/391 1675/2308/391
f 1673/2312/392 1675/2313/392 1676/2314/392 1674/2315/392
f 1675/2307/393 1677/2306/393 1684/2305/393 1676/2304/393
usemtl _0125_Plum
f 1680/2316/394 1678/2317/394 1681/2318/394 1683/2319/394
f 1680/2320/391 1677/2309/391 1679/2310/391 1678/2321/391
f 1678/2322/389 1679/2306/389 1682/2305/389 1681/2323/389
f 1681/2321/390 1682/2310/390 1684/2309/390 1683/2320/390
f 1683/2323/393 1684/2305/393 1677/2306/393 1680/2322/393
o Wall_C_Door
v 2.600000 2.100000 0.000000
v 2.600000 1.100000 0.000000
v 1.400000 1.100000 0.000000
v 1.400000 2.100000 0.000000
v 3.000000 2.500000 -0.250000
v 2.600000 2.100000 -0.250000
v 1.400000 2.100000 -0.250000
v 3.000000 2.500000 0.000000
v 1.000000 2.500000 0.000000
v 1.000000 2.500000 -0.250000
v 1.000000 1.100000 0.000000
v 3.000000 -1.000000 -0.250000
v 3.000000 -1.000000 0.000000
v 3.000000 1.100000 -0.250000
v 3.000000 1.100000 0.000000
v 2.600000 -1.000000 0.000000
v 2.600000 1.100000 -0.250000
v 2.600000 -1.000000 -0.250000
v 1.000000 -1.000000 0.000000
v 1.000000 -1.000000 -0.250000
v 1.400000 -1.000000 -0.250000
v 1.400000 1.100000 -0.250000
v 1.400000 -1.000000 0.000000
v 1.000000 1.100000 -0.250000
vn -0.0000 -1.0000 -0.0000
vn -0.0000 -0.0000 1.0000
vn 1.0000 -0.0000 -0.0000
vn -0.0000 -0.0000 -1.0000
vn -1.0000 -0.0000 -0.0000
vn -0.0000 1.0000 -0.0000
vt 1.100000 0.625000
vt -0.100000 0.625000
vt -0.100000 0.375000
vt 1.100000 0.375000
vt -0.500000 0.850000
vt -0.100000 0.850000
vt -0.100000 1.850000
vt 1.100000 1.850000
vt 1.100000 0.850000
vt 1.500000 0.850000
vt 1.500000 2.250000
vt -0.500000 2.250000
vt 1.850000 0.625000
vt 0.850000 0.625000
vt 0.850000 0.375000
vt 1.850000 0.375000
vt 2.250000 0.625000
vt 2.250000 0.375000
vt -0.500000 0.625000
vt 1.500000 0.625000
vt 1.500000 0.375000
vt -0.500000 0.375000
vt 1.100000 0.375000
vt 1.500000 0.375000
vt 1.500000 0.625000
vt 1.100000 0.625000
vt 1.100000 -1.250000
vt 1.500000 -1.250000
vt -1.250000 0.375000
vt -1.250000 0.625000
vt -0.500000 -1.250000
vt -0.100000 -1.250000
vt -0.100000 0.625000
vt -0.500000 0.625000
vt -0.500000 0.375000
vt -0.100000 0.375000
s 0
usemtl _0048_PaleGoldenrod
f 1685/2324/395 1688/2325/395 1691/2326/395 1690/2327/395
f 1695/2328/396 1687/2329/396 1688/2330/396 1685/2331/396 1686/2332/396 1699/2333/396 1692/2334/396 1693/2335/396
f 1688/2336/397 1687/2337/397 1706/2338/397 1691/2339/397
f 1691/2330/398 1706/2329/398 1708/2328/398 1694/2335/398 1689/2334/398 1698/2333/398 1701/2332/398 1690/2331/398
f 1690/2339/399 1701/2338/399 1686/2337/399 1685/2336/399
f 1692/2340/397 1699/2337/397 1698/2338/397 1689/2341/397
f 1693/2342/400 1692/2343/400 1689/2344/400 1694/2345/400
f 1694/2341/399 1708/2338/399 1695/2337/399 1693/2340/399
usemtl _0125_Plum
f 1702/2346/395 1696/2347/395 1697/2348/395 1700/2349/395
f 1702/2350/398 1701/2332/398 1698/2333/398 1696/2351/398
f 1696/2352/397 1698/2338/397 1699/2337/397 1697/2353/397
f 1686/2332/396 1700/2350/396 1697/2351/396 1699/2333/396
f 1700/2353/399 1686/2337/399 1701/2338/399 1702/2352/399
f 1703/2354/396 1707/2355/396 1687/2329/396 1695/2328/396
f 1707/2356/395 1703/2357/395 1704/2358/395 1705/2359/395
f 1705/2352/397 1706/2338/397 1687/2337/397 1707/2353/397
f 1703/2353/399 1695/2337/399 1708/2338/399 1704/2352/399
f 1704/2354/398 1708/2328/398 1706/2329/398 1705/2355/398
o Wall_C_Pillar
v 3.000000 -1.000000 2.000000
v 3.000000 -1.000000 1.750000
v 3.250000 -1.000000 1.750000
v 3.250000 1.250000 1.750000
v 3.250000 -1.000000 2.000000
v 3.000000 1.250000 2.000000
v 3.250000 2.500000 1.750000
v 3.000000 2.500000 2.000000
v 3.000000 2.500000 1.750000
v 3.000000 1.250000 1.750000
v 3.250000 2.500000 2.000000
v 3.250000 1.250000 2.000000
vn -0.0000 -0.0000 1.0000
vn -0.0000 1.0000 -0.0000
vn 1.0000 -0.0000 -0.0000
vn -1.0000 -0.0000 -0.0000
vn -0.0000 -0.0000 -1.0000
vt 0.375000 -1.250000
vt 0.625000 -1.250000
vt 0.625000 1.000000
vt 0.375000 1.000000
vt 0.375000 0.375000
vt 0.375000 0.625000
vt 0.625000 0.625000
vt 0.625000 0.375000
vt -1.250000 0.625000
vt -1.250000 0.375000
vt 1.000000 0.375000
vt 1.000000 0.625000
vt 0.625000 0.375000
vt 0.375000 0.375000
vt 0.375000 0.625000
vt 0.625000 0.625000
vt 2.250000 0.625000
vt 2.250000 0.375000
vt 0.375000 2.250000
vt 0.625000 2.250000
s 0
usemtl _0125_Plum
f 1709/2360/401 1713/2361/401 1720/2362/401 1714/2363/401
f 1710/2364/402 1709/2365/402 1713/2366/402 1711/2367/402
f 1713/2368/403 1711/2369/403 1712/2370/403 1720/2371/403
f 1710/2369/404 1709/2368/404 1714/2371/404 1718/2370/404
f 1711/2361/405 1710/2360/405 1718/2363/405 1712/2362/405
usemtl _0048_PaleGoldenrod
f 1715/2372/402 1717/2373/402 1716/2374/402 1719/2375/402
f 1716/2376/404 1717/2377/404 1718/2370/404 1714/2371/404
f 1717/2378/405 1715/2379/405 1712/2362/405 1718/2363/405
f 1719/2379/401 1716/2378/401 1714/2363/401 1720/2362/401
f 1715/2377/403 1719/2376/403 1720/2371/403 1712/2370/403
o Wall_C_Window_Large
v 4.100000 2.000000 -0.250000
v 4.100000 1.100000 0.000000
v 5.900000 1.100000 0.000000
v 4.100000 2.000000 0.000000
v 6.000000 1.100000 -0.250000
v 5.900000 2.000000 -0.250000
v 5.900000 2.000000 0.000000
v 6.000000 2.500000 -0.250000
v 6.000000 1.100000 0.000000
v 6.000000 2.500000 0.000000
v 4.000000 2.500000 -0.250000
v 4.000000 2.500000 0.000000
v 4.000000 1.100000 0.000000
v 6.000000 -1.000000 0.000000
v 4.000000 -1.000000 0.000000
v 4.000000 -1.000000 -0.250000
v 4.000000 1.100000 -0.250000
v 6.000000 -1.000000 -0.250000
v 5.900000 1.100000 -0.250000
v 4.100000 1.100000 -0.250000
vn -0.0000 -1.0000 -0.0000
vn -0.0000 -0.0000 1.0000
vn 1.0000 -0.0000 -0.0000
vn -0.0000 -0.0000 -1.0000
vn -1.0000 -0.0000 -0.0000
vn -0.0000 1.0000 -0.0000
vt 1.400000 0.625000
vt -0.400000 0.625000
vt -0.400000 0.375000
vt 1.400000 0.375000
vt -0.500000 0.850000
vt -0.400000 0.850000
vt -0.400000 1.750000
vt 1.400000 1.750000
vt 1.400000 0.850000
vt 1.500000 0.850000
vt 1.500000 2.250000
vt -0.500000 2.250000
vt 1.750000 0.625000
vt 0.850000 0.625000
vt 0.850000 0.375000
vt 1.750000 0.375000
vt 2.250000 0.625000
vt 2.250000 0.375000
vt -0.500000 0.625000
vt 1.500000 0.625000
vt 1.500000 0.375000
vt -0.500000 0.375000
vt -0.400000 0.625000
vt 1.400000 0.625000
vt 1.400000 0.375000
vt -0.400000 0.375000
vt 1.500000 -1.250000
vt -0.500000 -1.250000
vt -1.250000 0.375000
vt -1.250000 0.625000
vt 1.500000 0.625000
vt -0.500000 0.625000
vt -0.500000 0.375000
vt 1.500000 0.375000
s 0
usemtl _0048_PaleGoldenrod
f 1727/2380/406 1724/2381/406 1721/2382/406 1726/2383/406
f 1733/2384/407 1722/2385/407 1724/2386/407 1727/2387/407 1723/2388/407 1729/2389/407 1730/2390/407 1732/2391/407
f 1724/2392/408 1722/2393/408 1740/2394/408 1721/2395/408
f 1721/2386/409 1740/2385/409 1737/2384/409 1731/2391/409 1728/2390/409 1725/2389/409 1739/2388/409 1726/2387/409
f 1723/2393/410 1727/2392/410 1726/2395/410 1739/2394/410
f 1730/2396/408 1729/2393/408 1725/2394/408 1728/2397/408
f 1732/2398/411 1730/2399/411 1728/2400/411 1731/2401/411
f 1731/2397/410 1737/2394/410 1733/2393/410 1732/2396/410
usemtl _0125_Plum
f 1722/2402/411 1723/2403/411 1739/2404/411 1740/2405/411
f 1734/2406/407 1729/2389/407 1723/2388/407 1722/2385/407 1733/2384/407 1735/2407/407
f 1738/2408/408 1725/2394/408 1729/2393/408 1734/2409/408
f 1735/2409/410 1733/2393/410 1737/2394/410 1736/2408/410
f 1734/2410/406 1735/2411/406 1736/2412/406 1738/2413/406
f 1736/2407/409 1737/2384/409 1740/2385/409 1739/2388/409 1725/2389/409 1738/2406/409
o Wall_C_Window_Small
v 9.000000 -1.000000 -0.250000
v 7.000000 1.100000 0.000000
v 7.000000 1.100000 -0.250000
v 7.000000 -1.000000 0.000000
v 9.000000 1.100000 -0.250000
v 7.000000 -1.000000 -0.250000
v 9.000000 -1.000000 0.000000
v 7.000000 2.500000 0.000000
v 7.000000 2.500000 -0.250000
v 7.500000 2.000000 -0.250000
v 9.000000 2.500000 -0.250000
v 9.000000 2.500000 0.000000
v 7.500000 2.000000 0.000000
v 7.500000 1.100000 0.000000
v 7.500000 1.100000 -0.250000
v 9.000000 1.100000 0.000000
v 8.500000 1.100000 0.000000
v 8.500000 2.000000 0.000000
v 8.500000 1.100000 -0.250000
v 8.500000 2.000000 -0.250000
vn -0.0000 -0.0000 -1.0000
vn -1.0000 -0.0000 -0.0000
vn 1.0000 -0.0000 -0.0000
vn -0.0000 -1.0000 -0.0000
vn -0.0000 -0.0000 1.0000
vn -0.0000 1.0000 -0.0000
vt -0.500000 -1.250000
vt -0.500000 0.850000
vt 0.000000 0.850000
vt 1.000000 0.850000
vt 1.500000 0.850000
vt 1.500000 -1.250000
vt -1.250000 0.625000
vt 0.850000 0.625000
vt 0.850000 0.375000
vt -1.250000 0.375000
vt 1.500000 0.625000
vt -0.500000 0.625000
vt -0.500000 0.375000
vt 1.500000 0.375000
vt 2.250000 0.375000
vt 2.250000 0.625000
vt 0.000000 1.750000
vt -0.500000 2.250000
vt 1.500000 2.250000
vt 1.000000 1.750000
vt -0.500000 0.625000
vt 1.500000 0.625000
vt 1.500000 0.375000
vt -0.500000 0.375000
vt 1.750000 0.625000
vt 1.750000 0.375000
vt 1.000000 0.625000
vt 0.000000 0.625000
vt 0.000000 0.375000
vt 1.000000 0.375000
vt 0.000000 0.625000
vt 1.000000 0.625000
vt 1.000000 0.375000
vt 0.000000 0.375000
s 0
usemtl _0125_Plum
f 1746/2414/412 1743/2415/412 1755/2416/412 1759/2417/412 1745/2418/412 1741/2419/412
f 1744/2420/413 1742/2421/413 1743/2422/413 1746/2423/413
f 1741/2423/414 1745/2422/414 1756/2421/414 1747/2420/414
f 1747/2424/415 1744/2425/415 1746/2426/415 1741/2427/415
f 1747/2419/416 1756/2418/416 1757/2417/416 1754/2416/416 1742/2415/416 1744/2414/416
f 1754/2444/417 1757/2445/417 1759/2446/417 1755/2447/417
usemtl _0048_PaleGoldenrod
f 1749/2428/413 1743/2422/413 1742/2421/413 1748/2429/413
f 1750/2430/412 1755/2416/412 1743/2415/412 1749/2431/412 1751/2432/412 1745/2418/412 1759/2417/412 1760/2433/412
f 1742/2415/416 1754/2416/416 1753/2430/416 1758/2433/416 1757/2417/416 1756/2418/416 1752/2432/416 1748/2431/416
f 1748/2434/417 1752/2435/417 1751/2436/417 1749/2437/417
f 1753/2438/414 1754/2421/414 1755/2422/414 1750/2439/414
f 1752/2429/414 1756/2421/414 1745/2422/414 1751/2428/414
f 1757/2421/413 1758/2438/413 1760/2439/413 1759/2422/413
f 1758/2440/415 1753/2441/415 1750/2442/415 1760/2443/415
o Wall_Pillar_A
v 2.000000 -1.000000 2.000000
v 2.000000 -1.000000 1.500000
v 2.500000 -1.000000 1.500000
v 2.500000 1.250000 1.500000
v 2.500000 -1.000000 2.000000
v 2.000000 1.250000 2.000000
v 2.500000 2.500000 1.500000
v 2.000000 2.500000 2.000000
v 2.000000 2.500000 1.500000
v 2.000000 1.250000 1.500000
v 2.500000 2.500000 2.000000
v 2.500000 1.250000 2.000000
vn -0.0000 -0.0000 1.0000
vn -0.0000 1.0000 -0.0000
vn 1.0000 -0.0000 -0.0000
vn -1.0000 -0.0000 -0.0000
vn -0.0000 -0.0000 -1.0000
vt 0.250000 -1.250000
vt 0.750000 -1.250000
vt 0.750000 1.000000
vt 0.250000 1.000000
vt 0.250000 0.250000
vt 0.250000 0.750000
vt 0.750000 0.750000
vt 0.750000 0.250000
vt -1.250000 0.750000
vt -1.250000 0.250000
vt 1.000000 0.250000
vt 1.000000 0.750000
vt 0.750000 0.250000
vt 0.250000 0.250000
vt 0.250000 0.750000
vt 0.750000 0.750000
vt 2.250000 0.750000
vt 2.250000 0.250000
vt 0.250000 2.250000
vt 0.750000 2.250000
s 0
usemtl _0125_Plum
f 1761/2448/418 1765/2449/418 1772/2450/418 1766/2451/418
f 1762/2452/419 1761/2453/419 1765/2454/419 1763/2455/419
f 1765/2456/420 1763/2457/420 1764/2458/420 1772/2459/420
f 1762/2457/421 1761/2456/421 1766/2459/421 1770/2458/421
f 1763/2449/422 1762/2448/422 1770/2451/422 1764/2450/422
usemtl _0048_PaleGoldenrod
f 1767/2460/419 1769/2461/419 1768/2462/419 1771/2463/419
f 1768/2464/421 1769/2465/421 1770/2458/421 1766/2459/421
f 1769/2466/422 1767/2467/422 1764/2450/422 1770/2451/422
f 1771/2467/418 1768/2466/418 1766/2451/418 1772/2450/418
f 1767/2465/420 1771/2464/420 1772/2459/420 1764/2458/420
o Wall_Roof_30
v 6.000000 1.154700 0.700000
v 6.000000 1.154700 1.000000
v 6.000000 0.000000 1.000000
v 4.000000 0.000000 1.000000
v 4.000000 0.000000 0.700000
v 6.000000 0.000000 0.700000
vn -0.0000 -0.0000 -1.0000
vn -0.5000 0.8660 -0.0000
vn 1.0000 -0.0000 -0.0000
vn -0.0000 -0.0000 1.0000
vn -0.0000 1.0000 -0.0000
vt 1.166667 0.115100
vt -0.833333 0.115100
vt 1.166667 1.269800
vt -0.833333 0.350000
vt 1.166667 0.350000
vt 1.166667 0.650000
vt -0.833333 0.650000
vt 0.650000 0.115100
vt 0.650000 1.269800
vt 0.350000 1.269800
vt 0.350000 0.115100
s 0
usemtl _0048_PaleGoldenrod
f 1778/2468/423 1777/2469/423 1773/2470/423
f 1776/2471/424 1774/2472/424 1773/2473/424 1777/2474/424
f 1778/2475/425 1773/2476/425 1774/2477/425 1775/2478/425
f 1775/2468/426 1774/2470/426 1776/2469/426
f 1776/2471/427 1775/2472/427 1778/2473/427 1777/2474/427
o Wall_Roof_45
v 7.000000 0.000000 0.700000
v 9.000000 0.000000 0.700000
v 7.000000 0.000000 1.000000
v 9.000000 2.000000 0.700000
v 9.000000 0.000000 1.000000
v 9.000000 2.000000 1.000000
vn -0.0000 1.0000 -0.0000
vn 1.0000 -0.0000 -0.0000
vn -0.0000 -0.0000 -1.0000
vn -0.7071 0.7071 -0.0000
vn -0.0000 -0.0000 1.0000
vt -0.833333 0.350000
vt 1.166667 0.350000
vt 1.166667 0.650000
vt -0.833333 0.650000
vt 0.350000 -0.166667
vt 0.650000 -0.166667
vt 0.650000 1.833333
vt 0.350000 1.833333
vt 1.166667 -0.166667
vt -0.833333 -0.166667
vt 1.166667 1.833333
s 0
usemtl _0048_PaleGoldenrod
f 1781/2479/428 1783/2480/428 1780/2481/428 1779/2482/428
f 1783/2483/429 1780/2484/429 1782/2485/429 1784/2486/429
f 1780/2487/430 1779/2488/430 1782/2489/430
f 1781/2479/431 1784/2480/431 1782/2481/431 1779/2482/431
f 1783/2487/432 1784/2489/432 1781/2488/432
o Wall_Roof_60
v 10.000000 0.000000 1.000000
v 12.000000 3.464103 1.000000
v 12.000000 3.464103 0.700000
v 12.000000 0.000000 0.700000
v 10.000000 0.000000 0.700000
v 12.000000 0.000000 1.000000
vn -0.0000 -0.0000 1.0000
vn 1.0000 -0.0000 -0.0000
vn -0.8660 0.5000 -0.0000
vn -0.0000 -0.0000 -1.0000
vn -0.0000 1.0000 -0.0000
vt 1.166667 -0.654701
vt 1.166667 2.809402
vt -0.833333 -0.654701
vt 0.650000 -0.654701
vt 0.650000 2.809402
vt 0.350000 2.809402
vt 0.350000 -0.654701
vt -0.833333 0.350000
vt 1.166667 0.350000
vt 1.166667 0.650000
vt -0.833333 0.650000
s 0
usemtl _0048_PaleGoldenrod
f 1790/2490/433 1786/2491/433 1785/2492/433
f 1788/2493/434 1787/2494/434 1786/2495/434 1790/2496/434
f 1785/2496/435 1786/2495/435 1787/2494/435 1789/2493/435
f 1788/2490/436 1789/2492/436 1787/2491/436
f 1785/2497/437 1790/2498/437 1788/2499/437 1789/2500/437
o Window_Large
v 10.575000 0.100000 4.850000
v 10.575000 0.100000 4.900000
v 10.100000 0.100000 4.900000
v 10.100000 0.050000 4.950000
v 10.100000 0.800000 4.850000
v 10.575000 0.100000 4.950000
v 10.100000 0.100000 4.950000
v 10.575000 0.800000 4.850000
v 10.000000 0.050000 4.850000
v 10.000000 0.900000 4.850000
v 11.800000 0.900000 4.850000
v 11.700000 0.050000 4.850000
v 11.700000 0.100000 4.850000
v 11.125000 0.800000 4.850000
v 10.100000 0.100000 4.850000
v 10.100000 0.050000 4.850000
v 11.225000 0.800000 4.850000
v 11.125000 0.800000 4.950000
v 11.702000 0.050000 4.950000
v 11.800000 0.900000 4.950000
v 10.000000 0.900000 4.950000
v 10.000000 0.050000 4.950000
v 11.225000 0.800000 4.950000
v 10.575000 0.800000 4.900000
v 11.125000 0.050000 4.850000
v 10.675000 0.050000 4.850000
v 10.575000 0.050000 4.850000
v 10.000000 0.050000 4.700000
v 11.800000 0.050000 4.950000
v 11.125000 0.050000 4.950000
v 11.225000 0.050000 4.950000
v 11.800000 0.050000 4.850000
v 11.225000 0.050000 4.850000
v 11.700000 0.800000 4.850000
v 11.225000 0.800000 4.900000
v 11.700000 0.800000 4.900000
v 11.125000 0.800000 4.900000
v 10.100000 0.800000 4.900000
v 10.575000 0.800000 4.950000
v 10.100000 0.800000 4.950000
v 10.675000 0.050000 4.950000
v 10.575000 0.050000 4.950000
v 11.700000 0.800000 4.950000
v 11.700000 0.050000 4.950000
v 11.700000 0.100000 4.950000
v 10.675000 0.800000 4.850000
v 10.675000 0.800000 4.950000
v 11.800000 0.050000 5.000000
v 11.800000 0.050000 4.700000
v 10.000000 0.000000 4.700000
v 11.800000 0.000000 4.700000
v 10.000000 0.050000 5.000000
v 10.000000 0.000000 5.000000
v 11.800000 0.000000 5.000000
v 11.700000 0.100000 4.900000
v 11.250000 0.100000 4.900000
v 11.225000 0.100000 4.900000
v 11.225000 0.100000 4.850000
v 11.225000 0.100000 4.950000
v 10.675000 0.100000 4.900000
v 10.675000 0.100000 4.950000
v 10.675000 0.100000 4.850000
v 11.125000 0.100000 4.900000
v 11.125000 0.100000 4.850000
v 11.125000 0.100000 4.950000
v 11.175000 0.100000 4.900000
v 10.650000 0.100000 4.900000
v 10.675000 0.800000 4.900000
v 10.650000 0.800000 4.900000
v 11.250000 0.800000 4.900000
v 11.225000 0.050000 4.900000
v 10.575000 0.100000 4.900000
v 10.100000 0.100000 4.900000
v 10.575000 0.800000 4.900000
v 11.225000 0.800000 4.900000
v 11.700000 0.800000 4.900000
v 11.125000 0.800000 4.900000
v 10.100000 0.800000 4.900000
v 11.700000 0.100000 4.900000
v 11.250000 0.100000 4.900000
v 11.225000 0.100000 4.900000
v 10.675000 0.100000 4.900000
v 11.125000 0.100000 4.900000
v 10.650000 0.100000 4.900000
v 10.675000 0.800000 4.900000
v 10.650000 0.800000 4.900000
v 11.250000 0.800000 4.900000
vn -0.0000 1.0000 -0.0000
vn 1.0000 -0.0000 -0.0000
vn -1.0000 -0.0000 -0.0000
vn -0.0000 -0.0000 -1.0000
vn -0.0000 -0.0000 1.0000
vn -0.0000 -1.0000 -0.0000
vn -0.7071 -0.0000 -0.7071
vt -0.305878 0.546990
vt -0.305878 0.496990
vt 0.169123 0.496990
vt 0.169123 0.546990
vt 0.446990 0.213616
vt 0.546990 0.213616
vt 0.546990 0.263616
vt 0.496990 0.263616
vt 0.446990 0.263616
vt 0.546990 0.963616
vt 0.496990 0.963616
vt 0.675253 0.303121
vt 0.625253 0.303121
vt 0.625253 -0.171879
vt 0.675253 -0.171879
vt -0.305878 0.263616
vt 0.169123 0.263616
vt 0.169123 0.213616
vt -0.305878 0.213616
vt -0.305878 0.446990
vt -0.405878 0.546990
vt -0.405878 0.446990
vt 0.933627 -0.246880
vt 0.083627 -0.246879
vt 0.083627 1.553121
vt 0.933627 1.553120
vt 0.933627 1.453120
vt 0.883627 1.453121
vt 0.183627 1.453121
vt 0.183627 0.978121
vt 0.183627 0.878121
vt 0.183627 0.428120
vt 0.183627 0.328121
vt 0.183627 -0.146879
vt 0.883627 -0.146879
vt 0.933627 -0.146879
vt 0.446990 0.963616
vt 0.908627 -0.171879
vt 0.908627 0.303121
vt 0.858627 0.303121
vt 0.858627 -0.171879
vt 0.933627 1.455120
vt 0.269122 0.546990
vt 0.169123 0.446990
vt 0.269122 0.446990
vt 0.269122 0.496990
vt 0.269122 0.963616
vt 0.269122 0.263616
vt 0.269122 0.213616
vt 0.169123 0.963616
vt 0.575253 -0.271879
vt 0.575253 -0.171879
vt 0.575253 0.303121
vt 0.575253 0.403120
vt 0.575253 0.853121
vt 0.575253 0.953121
vt 0.575253 1.428121
vt 0.575253 1.528121
vt 0.425253 1.528121
vt 0.425253 -0.271879
vt 0.446990 1.063616
vt 0.546990 1.063616
vt 0.696990 0.213616
vt 0.696990 0.163616
vt 0.396990 0.163616
vt 0.396990 0.213616
vt 0.725253 -0.271879
vt 0.725253 1.528121
vt 0.675253 1.528121
vt 0.675253 1.430120
vt 0.675253 1.428121
vt 0.675253 0.953121
vt 0.675253 0.853121
vt 0.675253 0.403120
vt 0.675253 -0.271879
vt 1.394122 0.446990
vt 1.394122 0.546990
vt 1.294122 0.546990
vt 1.294122 0.446990
vt 1.296122 0.446990
vt 0.908627 1.428121
vt 0.908627 0.953121
vt 0.858627 0.953121
vt 0.858627 1.428121
vt 1.294122 0.496990
vt 0.844122 0.496990
vt 0.819122 0.496990
vt 0.819122 0.546990
vt 0.719122 0.546990
vt 0.719122 0.496990
vt 0.719122 0.446990
vt 0.819122 0.446990
vt 0.719122 0.213616
vt 0.719122 0.263616
vt 0.719122 0.963616
vt 0.819122 0.963616
vt 0.819122 0.263616
vt 0.819122 0.213616
vt 0.858627 0.403120
vt 0.858627 0.853121
vt 0.908627 0.853121
vt 0.908627 0.403120
vt 0.908627 1.528121
vt 0.958627 1.528121
vt 0.958627 -0.271879
vt 0.908627 -0.271879
vt -0.405878 0.396990
vt -0.405878 0.696990
vt 1.394122 0.696990
vt 1.394122 0.396990
vt 0.625253 1.428121
vt 0.625253 0.978121
vt 0.625253 0.953121
vt 0.625253 0.853121
vt 0.625253 0.403120
vt 0.769122 0.496990
vt -0.016511 0.008239
vt 0.653988 0.008239
vt 0.653988 0.996343
vt -0.016511 0.996343
vt 0.156583 0.008239
vt 0.191873 0.008239
vt 0.827082 0.008239
vt 0.827082 0.996343
vt 0.191873 0.996343
vt 0.156583 0.996343
vt 0.322311 0.008239
vt 0.357601 0.008239
vt 0.992810 0.008239
vt 0.992810 0.996343
vt 0.357601 0.996343
vt 0.322311 0.996343
s 0
usemtl _0048_PaleGoldenrod
f 1805/2501/438 1793/2502/438 1792/2503/438 1791/2504/438
f 1794/2505/439 1806/2506/439 1805/2507/439 1793/2508/439 1797/2509/439
f 1795/2510/439 1828/2511/439 1793/2508/439 1805/2507/439
f 1796/2512/438 1792/2513/438 1793/2514/438 1797/2515/438
f 1791/2507/440 1792/2508/440 1814/2511/440 1798/2510/440
f 1805/2516/441 1791/2517/441 1817/2518/441 1806/2519/441
f 1794/2520/438 1806/2501/438 1799/2521/438 1812/2522/438
f 1799/2523/441 1800/2524/441 1801/2525/441 1822/2526/441 1802/2527/441 1803/2528/441 1824/2529/441 1807/2530/441 1804/2531/441 1836/2532/441 1798/2533/441 1795/2534/441 1805/2535/441 1806/2536/441
f 1797/2509/439 1793/2508/439 1828/2511/439 1830/2537/439
f 1794/2538/442 1832/2539/442 1796/2540/442 1797/2541/442
f 1794/2536/442 1797/2535/442 1830/2534/442 1829/2533/442 1837/2532/442 1808/2531/442 1813/2530/442 1833/2529/442 1835/2528/442 1834/2527/442 1809/2542/442 1819/2526/442 1810/2525/442 1811/2524/442 1812/2523/442
f 1798/2504/443 1814/2503/443 1828/2502/443 1795/2501/443
f 1829/2537/440 1814/2511/440 1792/2508/440 1796/2509/440
f 1836/2543/438 1798/2504/438 1814/2503/438 1829/2544/438 1837/2545/438 1858/2546/438
f 1836/2547/441 1852/2548/441 1816/2549/441 1817/2518/441 1791/2517/441 1798/2550/441
f 1799/2551/438 1806/2552/438 1817/2553/438 1816/2554/438 1815/2555/438 1823/2556/438 1802/2557/438 1822/2558/438 1839/2559/438 1818/2560/438
f 1811/2561/440 1800/2562/440 1799/2506/440 1812/2505/440
f 1812/2505/440 1799/2506/440 1818/2563/440 1840/2564/440 1843/2565/440 1842/2566/440
f 1842/2567/438 1838/2568/438 1819/2569/438 1809/2570/438 1834/2571/438 1821/2572/438 1820/2573/438 1831/2574/438 1832/2512/438 1794/2515/438 1812/2575/438
f 1810/2569/438 1801/2558/438 1800/2551/438 1811/2575/438
f 1819/2505/439 1822/2506/439 1801/2562/439 1810/2561/439
f 1819/2576/438 1822/2577/438 1802/2578/438 1834/2579/438 1809/2580/438
f 1802/2506/440 1834/2505/440 1835/2509/440 1845/2508/440 1803/2507/440
f 1802/2581/441 1823/2582/441 1848/2583/441 1803/2584/441
f 1803/2507/440 1845/2508/440 1826/2511/440 1824/2510/440
f 1824/2578/443 1826/2585/443 1860/2586/443 1825/2587/443 1807/2588/443
f 1825/2587/438 1807/2588/438 1804/2589/438 1827/2590/438 1808/2591/438 1813/2592/438
f 1815/2593/441 1854/2594/441 1804/2595/441 1807/2596/441 1848/2597/441 1823/2598/441
f 1804/2589/443 1827/2590/443 1858/2546/443 1836/2543/443
f 1830/2520/443 1828/2502/443 1814/2503/443 1829/2544/443
f 1837/2547/442 1829/2550/442 1796/2517/442 1832/2518/442 1831/2549/442 1851/2548/442
f 1837/2545/443 1858/2546/443 1827/2590/443 1808/2591/443
f 1808/2595/442 1855/2594/442 1820/2593/442 1821/2598/442 1849/2597/442 1813/2596/442
f 1813/2592/443 1825/2587/443 1860/2586/443 1826/2585/443 1833/2579/443
f 1833/2537/440 1826/2511/440 1845/2508/440 1835/2509/440
f 1834/2581/442 1835/2584/442 1849/2583/442 1821/2582/442
f 1837/2537/439 1851/2509/439 1850/2508/439 1852/2507/439 1836/2510/439 1858/2511/439
f 1852/2599/441 1854/2600/441 1815/2601/441 1816/2602/441
f 1844/2565/439 1841/2564/439 1839/2563/439 1822/2506/439 1819/2505/439 1838/2566/439
f 1839/2603/441 1841/2604/441 1840/2605/441 1818/2606/441
f 1843/2607/443 1840/2608/443 1841/2609/443 1844/2610/443
f 1844/2604/442 1838/2603/442 1842/2606/442 1843/2605/442
f 1820/2601/442 1855/2600/442 1851/2599/442 1831/2602/442
f 1835/2571/438 1845/2611/438 1846/2612/438 1847/2613/438 1849/2572/438
f 1848/2556/438 1847/2613/438 1846/2612/438 1845/2611/438 1803/2557/438
f 1807/2510/439 1825/2511/439 1847/2508/439 1848/2507/439
f 1854/2507/440 1853/2508/440 1827/2511/440 1804/2510/440
f 1808/2537/440 1827/2511/440 1853/2508/440 1855/2509/440
f 1849/2509/439 1847/2508/439 1825/2511/439 1813/2537/439
f 1855/2509/444 1856/2508/444 1820/2505/444
f 1855/2573/438 1853/2614/438 1850/2615/438 1851/2574/438
f 1852/2554/438 1850/2615/438 1853/2614/438 1854/2555/438
f 1855/2591/438 1856/2616/438 1853/2590/438
usemtl _0068_LightGreen
f 1793/2617/442 1792/2618/442 1814/2619/442 1828/2620/442
f 1857/2621/442 1850/2622/442 1853/2623/442 1827/2624/442 1858/2625/442 1859/2626/442
f 1847/2627/442 1846/2628/442 1845/2629/442 1826/2630/442 1860/2631/442 1825/2632/442
f 1863/2617/441 1868/2620/441 1864/2619/441 1862/2618/441
f 1874/2621/441 1876/2626/441 1875/2625/441 1867/2624/441 1873/2623/441 1872/2622/441
f 1871/2627/441 1865/2632/441 1877/2631/441 1866/2630/441 1869/2629/441 1870/2628/441
l 1861 1820
o Window_Small
v 10.600000 0.050000 5.950000
v 10.600000 0.050000 5.850000
v 10.600000 0.800000 5.850000
v 10.950000 0.050000 5.950000
v 10.950000 0.050000 5.850000
v 10.950000 0.100000 5.850000
v 10.500000 0.900000 5.850000
v 10.600000 0.100000 5.850000
v 11.400000 0.050000 5.850000
v 10.600000 0.800000 5.950000
v 10.600000 0.100000 5.950000
v 11.500000 0.900000 5.950000
v 10.500000 0.050000 5.950000
v 10.500000 0.900000 5.950000
v 11.402000 0.050000 5.950000
v 10.600000 0.800000 5.900000
v 10.950000 0.800000 5.900000
v 10.950000 0.800000 5.950000
v 10.950000 0.100000 5.950000
v 11.050000 0.800000 5.950000
v 11.050000 0.800000 5.850000
v 10.950000 0.800000 5.850000
v 10.500000 0.050000 5.700000
v 10.500000 0.050000 5.850000
v 10.500000 0.050000 6.000000
v 10.500000 0.000000 6.000000
v 10.500000 0.000000 5.700000
v 11.500000 0.050000 6.000000
v 11.500000 0.050000 5.950000
v 11.400000 0.050000 5.950000
v 11.400000 0.100000 5.850000
v 11.400000 0.100000 5.950000
v 11.050000 0.100000 5.850000
v 11.050000 0.050000 5.850000
v 11.400000 0.800000 5.900000
v 11.400000 0.800000 5.850000
v 11.500000 0.050000 5.850000
v 11.500000 0.900000 5.850000
v 11.050000 0.050000 5.950000
v 11.050000 0.100000 5.950000
v 11.400000 0.800000 5.950000
v 11.050000 0.800000 5.900000
v 11.500000 0.050000 5.700000
v 11.500000 0.000000 6.000000
v 11.500000 0.000000 5.700000
v 11.050000 0.100000 5.900000
v 11.400000 0.100000 5.900000
v 10.600000 0.100000 5.900000
v 10.950000 0.100000 5.900000
v 10.600000 0.800000 5.900000
v 10.950000 0.800000 5.900000
v 11.400000 0.800000 5.900000
v 11.050000 0.800000 5.900000
v 11.050000 0.100000 5.900000
v 11.400000 0.100000 5.900000
v 10.600000 0.100000 5.900000
v 10.950000 0.100000 5.900000
vn -0.0000 1.0000 -0.0000
vn 1.0000 -0.0000 -0.0000
vn -1.0000 -0.0000 -0.0000
vn -0.0000 -0.0000 -1.0000
vn -0.0000 -0.0000 1.0000
vn -0.0000 -1.0000 -0.0000
vt 0.577309 0.232564
vt 0.627309 0.232564
vt 0.627309 0.582564
vt 0.577309 0.582564
vt 0.444934 0.242625
vt 0.544934 0.242625
vt 0.544934 0.292625
vt 0.494934 0.292625
vt 0.444934 0.292625
vt 0.544934 0.992625
vt 0.494934 0.992625
vt 0.677309 0.582564
vt 0.677309 0.232564
vt 0.879618 0.582564
vt 0.879617 0.232564
vt 0.829618 0.232564
vt 0.829618 0.582564
vt 0.098565 0.444934
vt 0.098565 0.544934
vt -0.001435 0.544934
vt -0.001435 0.444934
vt 0.904618 1.057563
vt 0.854618 1.057563
vt 0.154618 1.057564
vt 0.154618 0.707563
vt 0.154618 0.607564
vt 0.154618 0.257564
vt 0.854617 0.257564
vt 0.904617 0.257564
vt 0.904617 0.157564
vt 0.054618 0.157564
vt 0.054618 1.157564
vt 0.904618 1.157563
vt 0.444934 0.992625
vt 0.829618 1.032563
vt 0.879618 1.032563
vt 0.879618 1.034564
vt 0.879618 1.132564
vt 0.029618 1.132564
vt 0.029618 0.132564
vt 0.879617 0.132564
vt 0.129618 0.232564
vt 0.129618 0.582564
vt 0.129618 0.682563
vt 0.129618 1.032563
vt 0.448566 0.544934
vt 0.448566 0.494934
vt 0.098565 0.494934
vt 0.548565 0.444934
vt 0.548565 0.544934
vt 0.448566 0.444934
vt 0.548565 0.992625
vt 0.448566 0.992625
vt 0.448566 0.292625
vt 0.448566 0.242625
vt 0.548565 0.242625
vt 0.548565 0.292625
vt 0.548565 0.494934
vt 0.427309 0.132564
vt 0.577309 0.132564
vt 0.577309 0.682563
vt 0.577309 1.032563
vt 0.577309 1.132564
vt 0.427310 1.132564
vt 0.444934 1.092625
vt 0.544934 1.092625
vt 0.694933 0.242625
vt 0.694933 0.192625
vt 0.394934 0.192625
vt 0.394934 0.242625
vt 0.677309 1.034564
vt 0.677309 1.032563
vt 0.677309 0.682563
vt 0.677309 0.132564
vt 0.727309 0.132564
vt 0.727309 1.132564
vt 0.677309 1.132564
vt 0.879618 0.682563
vt 0.829618 0.682563
vt 0.898565 0.544934
vt 0.898565 0.494934
vt 0.998565 0.444934
vt 0.998565 0.544934
vt 0.898565 0.444934
vt 0.900565 0.444934
vt 0.929618 1.132564
vt 0.929618 0.132564
vt -0.001435 0.394934
vt -0.001435 0.694933
vt 0.998565 0.694933
vt 0.998565 0.394934
vt 0.627309 1.032563
vt 0.627309 0.682563
vt -0.004677 -0.002612
vt 0.494312 -0.002612
vt 0.494312 0.995366
vt -0.004677 0.995366
vt 0.496725 -0.002612
vt 0.995715 -0.002612
vt 0.995715 0.995366
vt 0.496725 0.995366
s 0
usemtl _0048_PaleGoldenrod
f 1885/2633/445 1925/2634/445 1926/2635/445 1883/2636/445
f 1878/2637/446 1879/2638/446 1885/2639/446 1925/2640/446 1888/2641/446
f 1880/2642/446 1893/2643/446 1925/2640/446 1885/2639/446
f 1896/2644/445 1926/2635/445 1925/2634/445 1888/2645/445
f 1882/2638/447 1881/2637/447 1896/2641/447 1926/2640/447 1883/2639/447
f 1883/2639/447 1926/2640/447 1894/2643/447 1899/2642/447
f 1882/2646/448 1879/2647/448 1885/2648/448 1883/2649/448
f 1878/2650/445 1879/2651/445 1901/2652/445 1890/2653/445
f 1886/2654/448 1908/2655/448 1913/2656/448 1898/2657/448 1899/2658/448 1880/2659/448 1885/2660/448 1879/2661/448 1901/2662/448 1884/2663/448 1915/2664/448 1914/2665/448
f 1888/2641/446 1925/2640/446 1893/2643/446 1887/2666/446
f 1878/2647/449 1881/2646/449 1896/2649/449 1888/2648/449
f 1909/2667/449 1907/2668/449 1892/2669/449 1906/2670/449 1889/2671/449 1891/2672/449 1890/2673/449 1878/2647/449 1888/2648/449 1887/2674/449 1895/2675/449 1897/2676/449 1918/2677/449
f 1899/2678/450 1894/2679/450 1893/2680/450 1880/2651/450
f 1895/2666/447 1894/2643/447 1926/2640/447 1896/2641/447
f 1916/2681/445 1911/2682/445 1882/2678/445 1881/2683/445
f 1897/2684/449 1895/2685/449 1896/2686/449 1881/2687/449 1916/2688/449 1917/2689/449
f 1899/2685/448 1898/2684/448 1910/2689/448 1911/2688/448 1882/2687/448 1883/2686/448
f 1895/2683/445 1897/2681/445 1919/2690/445 1898/2682/445 1899/2678/445 1894/2679/445
f 1900/2691/445 1901/2692/445 1879/2633/445 1882/2636/445 1911/2693/445 1886/2694/445 1914/2695/445 1920/2696/445
f 1891/2697/447 1884/2698/447 1901/2638/447 1890/2637/447
f 1890/2637/447 1901/2638/447 1900/2699/447 1904/2700/447 1903/2701/447 1902/2702/447
f 1892/2703/445 1907/2704/445 1916/2705/445 1881/2644/445 1878/2645/445 1890/2706/445 1902/2707/445 1905/2708/445 1906/2709/445
f 1886/2638/447 1907/2637/447 1909/2641/447 1924/2640/447 1908/2639/447
f 1886/2668/448 1911/2710/448 1910/2711/448 1908/2667/448
f 1908/2639/447 1924/2640/447 1912/2643/447 1913/2642/447
f 1913/2712/450 1912/2713/450 1919/2690/450 1898/2682/450
f 1889/2709/445 1915/2695/445 1884/2692/445 1891/2706/445
f 1906/2637/446 1914/2638/446 1915/2698/446 1889/2697/446
f 1906/2714/445 1914/2715/445 1886/2712/445 1907/2716/445 1892/2717/445
f 1887/2650/450 1893/2680/450 1894/2679/450 1895/2683/450
f 1916/2710/449 1907/2668/449 1909/2667/449 1917/2711/449
f 1897/2681/450 1919/2690/450 1912/2713/450 1918/2716/450
f 1918/2666/447 1912/2643/447 1924/2640/447 1909/2641/447
f 1916/2637/446 1911/2638/446 1910/2639/446 1923/2640/446 1917/2641/446
f 1917/2641/446 1923/2640/446 1919/2643/446 1897/2666/446
f 1898/2642/446 1919/2643/446 1923/2640/446 1910/2639/446
f 1921/2701/446 1922/2700/446 1920/2699/446 1914/2638/446 1906/2637/446 1905/2702/446
f 1920/2670/448 1922/2718/448 1904/2719/448 1900/2673/448
f 1903/2720/450 1904/2721/450 1922/2722/450 1921/2723/450
f 1921/2718/449 1905/2670/449 1902/2673/449 1903/2719/449
f 1909/2704/445 1924/2724/445 1923/2725/445 1917/2705/445
f 1910/2693/445 1923/2725/445 1924/2724/445 1908/2694/445
usemtl _0068_LightGreen
f 1925/2726/449 1926/2727/449 1894/2728/449 1893/2729/449
f 1923/2730/449 1924/2731/449 1912/2732/449 1919/2733/449
f 1933/2726/448 1927/2729/448 1928/2728/448 1934/2727/448
f 1931/2730/448 1930/2733/448 1929/2732/448 1932/2731/448
o Bottle
v 8.564952 0.304000 5.987500
v 8.543302 0.304000 5.950000
v 8.521650 0.304000 5.987500
v 8.570228 0.268421 5.990546
v 8.543302 0.268421 5.943908
v 8.516375 0.268421 5.990546
v 8.593301 0.079000 6.061603
v 8.493301 0.079000 6.061603
v 8.500000 0.000000 6.000000
v 8.643301 0.079000 5.975000
v 8.586602 0.000000 6.000000
v 8.443301 0.079000 5.975000
v 8.525734 0.130244 5.912140
v 8.497646 0.130244 6.021643
v 8.543302 0.000000 5.925000
v 8.593301 0.079000 5.888397
v 8.480080 0.130244 5.991217
v 8.493301 0.079000 5.888397
v 8.606523 0.130244 5.991217
v 8.588956 0.130244 6.021643
v 8.586602 0.158000 6.000000
v 8.500000 0.158000 6.000000
v 8.560868 0.130244 5.912140
v 8.543302 0.158000 5.925000
vn 0.5614 0.7615 0.3241
vn 0.8223 -0.3139 0.4747
vn -0.0000 -0.3139 -0.9495
vn -0.0000 0.7615 -0.6482
vn -0.5614 0.7615 0.3241
vn -0.8222 -0.3139 0.4747
vn -0.8223 -0.3139 0.4747
vn -0.5613 0.7615 0.3241
vn 0.5614 0.7615 0.3240
vn 0.4668 -0.8423 0.2695
vn 0.5345 -0.0000 0.8451
vn -0.5346 -0.0000 0.8451
vn -0.4668 -0.8423 0.2695
vn 0.9992 -0.0000 0.0404
vn 0.5346 -0.0000 0.8451
vn 0.3697 0.7223 0.5845
vn -0.3697 0.7223 0.5845
vn -0.5345 -0.0000 0.8451
vn -0.9992 -0.0000 0.0404
vn -0.0000 -0.8423 -0.5390
vn 0.6910 0.7223 0.0279
vn 0.3697 0.7223 0.5844
vn 0.4647 -0.0000 -0.8855
vn 0.3213 0.7223 -0.6124
vn -0.3213 0.7223 -0.6124
vn -0.6910 0.7223 0.0280
vn -0.3697 0.7223 0.5844
vn 0.6910 0.7223 0.0280
vn -0.6910 0.7223 0.0279
vn -0.9992 -0.0000 0.0403
vn -0.4646 -0.0000 -0.8855
vn 0.4646 -0.0000 -0.8855
vn 0.9992 -0.0000 0.0403
vn -0.4647 -0.0000 -0.8855
vn 0.7174 0.5602 0.4142
vn -0.7174 0.5602 0.4142
vn -0.0000 0.5602 -0.8283
vn 0.8222 -0.3140 0.4748
vn -0.0000 0.5602 -0.8284
vn -0.0000 -0.3140 -0.9494
vn 0.8222 -0.3139 0.4748
vn 0.0001 -0.3139 -0.9495
vn -0.8223 -0.3140 0.4747
vn -0.0000 -0.3139 -0.9494
vt 0.253937 3.703023
vt 0.193974 3.002658
vt 1.112052 3.002658
vt 0.992126 3.703023
vt 0.073806 3.703023
vt -0.030053 3.002658
vt 1.030052 3.002658
vt 0.926193 3.703023
vt 0.073806 0.253937
vt 0.926193 0.253937
vt 0.500000 0.992126
vt 1.352387 -2.281227
vt 1.484252 -0.726109
vt -0.484252 -0.726109
vt -0.352387 -2.281227
vt 0.500000 -0.726109
vt -1.204774 -0.726109
vt 0.007874 -2.281227
vt 1.398717 0.282637
vt -0.398716 0.282637
vt 0.500000 1.484252
vt 1.352387 0.007874
vt -0.352387 0.007874
vt 0.180777 0.282637
vt -0.418176 0.282637
vt 1.484252 -2.281227
vt 2.204775 -0.726109
vt 0.845806 1.737399
vt 0.154195 1.737399
vt -0.744521 0.180777
vt -0.398716 -0.418176
vt 1.398717 -0.418176
vt 1.744522 0.180777
vt 1.737399 0.282637
vt 0.500000 -2.281227
vt 0.154195 0.282637
vt 0.845806 0.282637
vt 0.007874 0.829010
vt -0.352387 0.829010
vt 1.352387 0.829010
vt 1.484252 0.829010
vt 0.500000 0.829010
vt 1.030052 0.193974
vt -0.030053 0.193974
vt 0.500000 1.112052
s 0
usemtl _0125_Plum.003
f 1935/2734/451 1938/2735/452 1939/2736/453 1936/2737/454
f 1937/2738/455 1940/2739/456 1938/2740/452 1935/2741/451
f 1936/2737/454 1939/2736/453 1940/2735/457 1937/2734/455
f 1937/2742/458 1935/2743/459 1936/2744/454
usemtl material
f 1955/2771/485 1954/2758/472 1953/2757/471
f 1956/2772/486 1948/2753/467 1954/2752/466 1955/2773/485
f 1955/2771/485 1953/2757/471 1957/2767/474 1958/2774/487
f 1956/2771/486 1951/2757/479 1948/2758/477
f 1955/2773/485 1938/2740/488 1940/2739/456 1956/2772/486
f 1958/2775/487 1957/2770/474 1947/2769/475
f 1958/2774/489 1939/2736/490 1938/2735/452 1955/2771/485
f 1958/2774/487 1947/2767/475 1951/2757/479 1956/2771/486
f 1938/2776/491 1940/2777/457 1939/2778/492
f 1956/2771/486 1940/2735/493 1939/2736/494 1958/2774/489
usemtl _0068_LightGreen.004
f 1945/2745/460 1941/2746/461 1942/2747/462 1943/2748/463
f 1944/2749/464 1941/2750/465 1945/2751/460
f 1941/2746/465 1954/2752/466 1948/2753/467 1942/2747/468
f 1942/2750/468 1946/2749/469 1943/2751/463
f 1949/2754/470 1945/2755/460 1943/2756/463
f 1944/2749/464 1953/2757/471 1954/2758/472 1941/2750/461
f 1949/2759/470 1950/2760/473 1944/2749/464 1945/2751/460
f 1957/2761/474 1947/2762/475 1951/2763/476 1948/2764/477 1954/2765/472 1953/2766/478
f 1942/2750/462 1948/2758/477 1951/2757/479 1946/2749/469
f 1943/2751/463 1946/2749/480 1952/2760/481 1949/2759/470
f 1950/2760/482 1957/2767/474 1953/2757/471 1944/2749/483
f 1952/2747/481 1950/2746/482 1949/2768/470
f 1952/2747/481 1947/2769/475 1957/2770/474 1950/2746/482
f 1946/2749/469 1951/2757/479 1947/2767/475 1952/2760/484
o Candle
v 9.216506 -0.000000 5.850000
v 9.173205 -0.000000 5.925000
v 9.086602 -0.000000 5.925000
v 9.095263 -0.000000 5.850000
v 9.259808 0.050000 5.775000
v 9.129904 0.050000 5.700000
v 9.173205 -0.000000 5.775000
v 9.216506 0.005000 5.850000
v 9.259808 0.050000 5.925000
v 9.000000 0.050000 5.925000
v 9.043302 -0.000000 5.850000
v 9.086602 -0.000000 5.775000
v 9.173205 0.005000 5.775000
v 9.173205 0.005000 5.925000
v 9.086602 0.005000 5.775000
v 9.129904 0.050000 6.000000
v 9.043302 0.005000 5.850000
v 9.000000 0.050000 5.775000
v 9.086602 0.005000 5.925000
v 9.164545 -0.000000 5.850000
v 9.112583 -0.000000 5.820000
v 9.147224 -0.000000 5.820000
v 9.112583 0.050000 5.820000
v 9.095263 0.050000 5.850000
v 9.112583 -0.000000 5.880000
v 9.112583 0.050000 5.880000
v 9.147224 -0.000000 5.880000
v 9.147224 0.050000 5.880000
v 9.147224 0.050000 5.820000
v 9.164545 0.050000 5.850000
v 9.142780 0.050000 5.827698
v 9.142780 0.050000 5.872302
v 9.181866 0.075000 5.850000
v 9.155885 0.075000 5.805000
v 9.103923 0.075000 5.805000
v 9.077943 0.075000 5.850000
v 9.103923 0.075000 5.895000
v 9.155885 0.075000 5.895000
v 9.104152 0.050000 5.850000
v 9.117028 0.050000 5.827698
v 9.142780 0.327000 5.827698
v 9.142780 0.327000 5.872302
v 9.117028 0.327000 5.872302
v 9.117028 0.327000 5.827698
v 9.155656 0.327000 5.850000
v 9.104152 0.327000 5.850000
v 9.117028 0.050000 5.872302
v 9.155656 0.050000 5.850000
v 9.135039 0.342440 5.842811
v 9.135039 0.342440 5.863595
v 9.129039 0.409000 5.853203
v 9.117040 0.342440 5.873988
v 9.129039 0.327000 5.853203
v 9.117040 0.342440 5.853203
v 9.153039 0.342440 5.853203
v 9.117040 0.342440 5.832418
v 9.112583 0.050000 5.820000
v 9.095263 0.050000 5.850000
v 9.112583 0.050000 5.880000
v 9.147224 0.050000 5.880000
v 9.147224 0.050000 5.820000
v 9.164545 0.050000 5.850000
v 9.181866 0.075000 5.850000
v 9.155885 0.075000 5.805000
v 9.103923 0.075000 5.805000
v 9.077943 0.075000 5.850000
v 9.103923 0.075000 5.895000
v 9.155885 0.075000 5.895000
vn 0.6080 0.7121 0.3510
vn 0.4594 -0.8882 -0.0000
vn 0.6080 0.7121 -0.3510
vn 0.4595 -0.8882 -0.0000
vn 0.2297 -0.8882 0.3979
vn 0.2297 -0.8882 -0.3979
vn 0.6081 0.7121 -0.3509
vn -0.4275 0.9040 -0.0000
vn 0.6080 0.7121 0.3511
vn 0.6080 0.7121 -0.3511
vn -0.0000 0.7121 0.7020
vn -0.0000 0.7121 -0.7020
vn 0.6081 0.7121 0.3510
vn -0.2137 0.9040 -0.3702
vn -0.2137 0.9040 0.3702
vn -0.0001 0.7121 0.7021
vn -0.2297 -0.8882 0.3979
vn -0.0000 0.7121 0.7021
vn -0.4595 -0.8882 -0.0000
vn -0.6081 0.7121 0.3509
vn -0.2297 -0.8882 -0.3979
vn -0.6080 0.7121 -0.3511
vn 0.0001 0.7121 -0.7021
vn -0.0001 0.7121 -0.7021
vn 0.2137 0.9040 0.3702
vn 0.4275 0.9040 -0.0000
vn 0.2137 0.9040 -0.3702
vn -0.6080 0.7121 0.3510
vn -0.6080 0.7121 -0.3510
vn -0.4594 -0.8882 -0.0000
vn -0.6081 0.7121 -0.3510
vn -0.6080 0.7121 0.3511
vn 0.0001 0.7121 0.7021
vn -0.0000 0.7121 -0.7021
vn -0.2298 -0.8882 0.3979
vn 0.8660 0.5000 -0.0001
vn 0.4330 0.5000 -0.7500
vn -0.4331 0.5000 -0.7500
vn -0.8660 0.5000 0.0001
vn -0.4331 0.5000 0.7500
vn 0.4331 0.5000 0.7500
vn 0.8660 0.5000 -0.0000
vn 0.5000 -0.0090 -0.8660
vn 1.0000 -0.0090 -0.0000
vn -0.4330 0.5000 -0.7500
vn -0.5000 -0.0090 -0.8660
vn -0.8660 0.5000 -0.0000
vn -1.0000 -0.0090 -0.0000
vn -0.4330 0.5000 0.7500
vn -0.5000 -0.0090 0.8660
vn 0.4330 0.5000 0.7500
vn 0.5000 -0.0090 0.8660
vn 0.4110 -0.5695 -0.7119
vn 0.8220 -0.5695 -0.0000
vn -0.4110 -0.5695 -0.7119
vn -0.8220 -0.5695 -0.0000
vn -0.4110 -0.5695 0.7119
vn 0.4110 -0.5695 0.7119
vn 1.0000 -0.0091 -0.0001
vn 0.4999 -0.0091 -0.8660
vn -0.4999 -0.0091 -0.8660
vn -1.0000 -0.0091 0.0001
vn -0.4999 -0.0091 0.8660
vn 0.4999 -0.0091 0.8660
vn 0.5000 -0.0000 -0.8660
vn -0.5000 -0.0000 -0.8660
vn -1.0000 -0.0000 -0.0000
vn 1.0000 -0.0000 -0.0000
vn -0.5000 -0.0000 0.8660
vn 0.5000 -0.0000 0.8660
vn 0.0001 1.0000 -0.0000
vn 0.8973 -0.4414 -0.0000
vn 0.4856 -0.2388 -0.8410
vn -0.4486 -0.4414 -0.7771
vn -0.4487 -0.4414 0.7771
vn 0.4855 -0.2388 0.8410
vn -0.0001 1.0000 0.0001
vn -0.0000 -1.0000 -0.0000
vn -0.4487 -0.4413 -0.7771
vn 0.4855 -0.2388 -0.8410
vn -0.0000 1.0000 0.0001
vn -0.4487 -0.4414 -0.7771
vn -0.9711 -0.2388 -0.0000
vn 0.8973 -0.4413 -0.0000
vn -0.4487 -0.4413 0.7771
vn -0.8220 0.5695 -0.0000
vn -0.4110 0.5695 0.7119
vn 0.4110 0.5695 0.7119
vn 0.8220 0.5695 -0.0000
vn 0.4110 0.5695 -0.7119
vn -0.4110 0.5695 -0.7119
vt 0.409412 0.682578
vt 0.287162 0.499204
vt 0.409412 0.315830
vt 0.711957 0.499204
vt 0.817828 0.682578
vt 0.606086 0.682578
vt 0.606086 0.315830
vt 0.817828 0.315830
vt 0.299387 0.499204
vt 0.500215 0.409412
vt 0.606086 0.287163
vt 0.817828 0.409412
vt 0.817828 0.409412
vt 0.606086 0.287162
vt 0.500215 0.409412
vt 0.500215 0.865952
vt 0.394344 0.682578
vt 0.288473 0.499204
vt 0.182602 0.682578
vt 0.394344 0.315830
vt 0.182602 0.315830
vt 0.500215 0.132456
vt 0.182602 0.409412
vt 0.394344 0.287163
vt 0.182602 0.409412
vt 0.394344 0.287162
vt 0.584912 0.499204
vt 0.542564 0.425854
vt 0.457867 0.425854
vt 0.415518 0.499204
vt 0.457867 0.572553
vt 0.542564 0.572553
vt 0.287162 0.425854
vt 0.409412 0.425854
vt 0.409412 0.499204
vt 0.542564 0.287162
vt 0.457867 0.287162
vt 0.457867 0.409412
vt 0.542564 0.409412
vt 0.287162 0.572553
vt 0.409412 0.572553
vt 0.470537 0.389179
vt 0.470537 0.499204
vt 0.436693 0.470537
vt 0.563738 0.470537
vt 0.470537 0.609228
vt 0.563738 0.470537
vt 0.436693 0.470537
vt 0.584912 0.499204
vt 0.542564 0.425854
vt 0.457867 0.425854
vt 0.415518 0.499204
vt 0.531697 0.409412
vt 0.468733 0.409412
vt 0.468733 1.086674
vt 0.531697 1.086674
vt 0.409412 0.444676
vt 1.086674 0.499204
vt 1.086674 0.444675
vt 0.468733 0.444675
vt 0.437252 0.499204
vt 0.468733 0.553732
vt 0.531697 0.553732
vt 0.563179 0.499204
vt 0.531697 0.444675
vt 0.409412 0.553732
vt 1.086674 0.553732
vt 0.498101 1.287163
vt 0.556781 1.124424
vt 0.512771 1.124424
vt 0.468761 1.124424
vt 0.498101 1.086674
vt 1.124424 0.557853
vt 1.287163 0.507035
vt 1.124424 0.456217
vt 1.124424 0.507035
vt 1.086674 0.507035
s 0
usemtl _0048_PaleGoldenrod.003
f 1967/2779/495 1959/2780/496 1963/2781/497
f 1959/2782/498 1967/2783/495 1960/2784/499
f 1965/2785/500 1963/2786/501 1959/2782/498
f 1966/2787/502 1967/2779/503 1963/2781/504
f 1974/2788/505 1960/2789/499 1967/2790/495
f 1963/2791/497 1965/2792/500 1964/2793/506
f 1967/2783/507 1966/2782/502 1972/2784/508
f 1963/2786/504 1971/2785/509 1966/2782/502
f 1974/2794/510 1961/2795/511 1960/2784/499
f 1972/2784/508 1974/2794/512 1967/2783/507
f 1969/2796/513 1961/2795/511 1968/2797/514
f 1970/2798/515 1969/2796/513 1976/2799/516
f 1965/2785/500 1970/2798/515 1964/2800/517
f 1971/2785/509 1963/2786/497 1964/2800/518
f 1972/2784/508 1966/2782/502 1971/2785/509 1973/2798/519 1975/2796/520 1977/2795/521
f 1974/2788/505 1968/2801/522 1961/2802/511
f 1977/2795/521 1974/2794/510 1972/2784/508
f 1968/2779/522 1976/2781/523 1969/2780/524
f 1976/2803/523 1964/2793/506 1970/2804/515
f 1973/2798/519 1971/2785/509 1964/2800/518
f 1975/2796/520 1973/2798/519 1976/2799/525
f 1977/2795/521 1975/2796/520 1968/2797/526
f 1968/2797/522 1974/2794/527 1977/2795/521
f 1976/2781/516 1968/2779/526 1975/2787/520
f 1964/2800/528 1976/2799/525 1973/2798/519
f 1959/2782/496 1960/2784/499 1961/2795/529 1969/2796/524 1970/2798/515 1965/2785/500
f 1978/2805/530 1980/2806/531 1979/2807/532 1962/2808/533 1983/2809/534 1985/2810/535
f 1978/2780/536 1980/2811/531 1987/2812/537 1988/2813/538
f 1980/2814/531 1979/2815/539 1981/2816/540 1987/2817/537
f 1979/2811/539 1962/2780/541 1982/2813/542 1981/2812/540
f 1962/2780/541 1983/2818/543 1984/2819/544 1982/2813/542
f 1983/2815/543 1985/2814/545 1986/2817/546 1984/2816/544
f 1985/2818/545 1978/2780/536 1988/2813/538 1986/2819/546
f 1988/2813/538 1987/2812/537 1992/2820/547 1991/2821/548
f 1981/2816/540 1993/2822/549 1992/2823/547 1987/2817/537
f 1994/2821/550 1993/2820/549 1981/2812/540 1982/2813/542
f 1995/2824/551 1994/2821/550 1982/2813/542 1984/2819/544
f 1986/2817/546 1996/2825/552 1995/2826/551 1984/2816/544
f 1986/2819/546 1988/2813/538 1991/2821/548 1996/2824/552
f 1988/2827/553 1987/2828/554 1981/2829/555 1982/2830/556 1984/2809/557 1986/2810/558
f 2020/2813/580 2021/2821/580 2022/2820/581 2019/2812/581
f 2015/2816/582 2019/2817/581 2022/2823/581 2023/2822/582
f 2024/2821/583 2016/2813/583 2015/2812/582 2023/2820/582
f 2025/2824/584 2017/2819/584 2016/2813/583 2024/2821/583
f 2018/2817/585 2017/2816/584 2025/2826/584 2026/2825/585
f 2018/2819/585 2026/2824/585 2021/2821/580 2020/2813/580
usemtl _0125_Plum.001
f 1989/2831/559 1998/2832/560 2002/2833/539 1999/2834/531
f 1998/2835/560 1997/2813/561 2004/2836/541 2002/2837/539
f 2002/2838/532 2004/2839/541 2001/2840/543 2000/2841/535 2003/2842/530 1999/2843/531
f 2006/2813/562 1989/2835/559 1999/2837/531 2003/2836/536
f 1997/2813/561 2005/2844/563 2001/2845/543 2004/2836/541
f 2005/2832/563 1990/2831/564 2000/2834/545 2001/2833/543
f 1990/2844/564 2006/2813/562 2003/2836/536 2000/2845/545
usemtl _0068_LightGreen.003
f 2009/2846/565 2013/2847/566 2007/2848/567 2014/2849/568
f 2010/2849/569 2008/2848/570 2013/2847/566 2009/2846/571
f 2011/2850/572 2014/2849/573 2007/2848/574 2013/2847/566
f 2010/2851/569 2009/2852/575 2014/2853/576 2012/2854/577
f 2008/2848/570 2010/2849/569 2011/2850/572 2013/2847/578
f 2014/2853/576 2011/2855/572 2010/2851/579 2012/2854/577
o Cooking_Bowl
v 9.565901 0.075000 5.775000
v 9.554252 -0.000000 5.829251
v 9.670749 -0.000000 5.829251
v 9.659099 0.075000 5.775000
v 9.500000 0.075000 5.840901
v 9.500000 0.075000 5.934099
v 9.554252 -0.000000 5.945749
v 9.554252 0.005000 5.829251
v 9.554252 0.005000 5.945749
v 9.670749 0.005000 5.829251
v 9.725000 0.075000 5.934099
v 9.725000 0.075000 5.840901
v 9.659099 0.075000 6.000000
v 9.670749 0.005000 5.945749
v 9.565901 0.075000 6.000000
v 9.670749 -0.000000 5.945749
vn -0.2799 0.7291 -0.6246
vn -0.4127 -0.8120 -0.4127
vn -0.6246 0.7291 -0.2798
vn 0.2798 0.7291 -0.6246
vn 0.4127 -0.8120 -0.4127
vn -0.4127 -0.8120 0.4127
vn -0.6246 0.7291 0.2799
vn 0.4034 0.8213 0.4034
vn -0.2798 0.7291 -0.6246
vn -0.4034 0.8213 0.4034
vn 0.2799 0.7291 -0.6246
vn 0.6246 0.7291 -0.2799
vn 0.4127 -0.8120 0.4127
vn -0.2798 0.7291 0.6246
vn -0.6246 0.7291 0.2798
vn 0.4034 0.8213 -0.4034
vn -0.6246 0.7291 -0.2799
vn -0.4034 0.8213 -0.4034
vn 0.6246 0.7291 -0.2798
vn 0.6246 0.7291 0.2798
vn 0.2799 0.7291 0.6246
vn 0.6246 0.7291 0.2799
vn 0.2798 0.7291 0.6246
vn -0.2799 0.7291 0.6246
vt 0.476700 0.517454
vt 0.470876 0.479954
vt 0.443750 0.517454
vt 0.523300 0.517454
vt 0.529124 0.479954
vt 0.517454 0.476700
vt 0.479954 0.470876
vt 0.479954 0.529124
vt 0.517454 0.523300
vt 0.482454 0.470876
vt 0.517454 0.443750
vt 0.470876 0.482454
vt 0.529124 0.482454
vt 0.529124 0.470876
vt 0.529124 0.529124
vt 0.470876 0.529124
vt 0.470876 0.470876
vt 0.476700 0.517454
vt 0.443750 0.517454
vt 0.482454 0.529124
vt 0.523300 0.517454
vt 0.517454 0.556250
vt 0.556250 0.517454
s 0
usemtl _0048_PaleGoldenrod.003
f 2027/2856/586 2028/2857/587 2031/2858/588
f 2027/2856/586 2030/2859/589 2029/2860/590 2028/2857/587
f 2031/2861/588 2028/2862/587 2033/2863/591 2032/2864/592
f 2034/2865/593 2027/2866/594 2031/2861/588
f 2027/2856/594 2034/2867/593 2036/2868/595 2030/2859/596
f 2030/2866/589 2038/2861/597 2029/2862/590
f 2029/2869/590 2042/2870/598 2033/2871/591 2028/2872/587
f 2041/2873/599 2032/2874/592 2033/2857/591
f 2032/2864/600 2035/2875/601 2034/2865/593 2031/2861/602
f 2040/2870/603 2036/2869/595 2034/2872/593 2035/2871/601
f 2038/2861/604 2030/2866/589 2036/2865/595
f 2029/2862/590 2038/2861/597 2037/2864/605 2042/2863/598
f 2033/2857/591 2042/2860/598 2039/2876/606 2041/2873/599
f 2032/2874/600 2041/2873/599 2035/2867/601
f 2036/2865/595 2040/2875/603 2037/2864/607 2038/2861/604
f 2039/2876/608 2040/2868/603 2035/2867/601 2041/2873/609
f 2039/2877/606 2042/2863/598 2037/2864/605
f 2040/2868/603 2039/2876/608 2037/2878/605
o Cooking_Dish
v 7.590419 -0.000000 5.715419
v 7.609835 0.125000 5.625000
v 7.784581 -0.000000 5.715419
v 7.765165 0.125000 5.625000
v 7.500000 0.125000 5.734835
v 7.590419 0.005000 5.715419
v 7.875000 0.125000 5.734835
v 7.590419 -0.000000 5.909581
v 7.590419 0.005000 5.909581
v 7.784581 0.005000 5.909581
v 7.784581 0.005000 5.715419
v 7.875000 0.125000 5.890165
v 7.784581 -0.000000 5.909581
v 7.500000 0.125000 5.890165
v 7.609835 0.125000 6.000000
v 7.765165 0.125000 6.000000
vn -0.1163 0.8765 -0.4672
vn -0.4467 -0.7752 -0.4467
vn -0.4672 0.8765 -0.1163
vn -0.1163 0.8765 -0.4671
vn 0.1163 0.8765 -0.4671
vn 0.4467 -0.7752 -0.4467
vn -0.4671 0.8765 -0.1163
vn -0.4467 -0.7752 0.4467
vn -0.4671 0.8765 0.1163
vn 0.4392 0.7838 0.4391
vn -0.1164 0.8765 -0.4671
vn -0.4671 0.8765 -0.1164
vn -0.4392 0.7837 0.4392
vn 0.4391 0.7838 0.4392
vn 0.1163 0.8765 -0.4672
vn 0.4672 0.8765 -0.1163
vn 0.4467 -0.7752 -0.4466
vn 0.4466 -0.7752 0.4467
vn -0.4467 -0.7752 0.4466
vn -0.4466 -0.7752 -0.4467
vn -0.1163 0.8765 0.4672
vn -0.4672 0.8765 0.1163
vn 0.4392 0.7838 -0.4391
vn 0.4392 0.7837 0.4392
vn 0.4671 0.8765 -0.1164
vn 0.1164 0.8765 -0.4671
vn -0.4391 0.7838 0.4392
vn -0.4392 0.7838 -0.4391
vn 0.4391 0.7838 -0.4392
vn 0.4671 0.8765 -0.1163
vn 0.4671 0.8765 0.1163
vn 0.4467 -0.7752 0.4467
vn 0.1163 0.8765 0.4671
vn -0.1163 0.8765 0.4671
vn -0.4671 0.8765 0.1164
vn -0.1164 0.8765 0.4671
vn 0.4392 0.7838 -0.4392
vn -0.4392 0.7837 -0.4392
vn -0.4392 0.7838 0.4391
vn 0.4392 0.7837 -0.4392
vn 0.1163 0.8765 0.4672
vn -0.4391 0.7838 -0.4392
vn 0.4672 0.8765 0.1163
vn 0.1164 0.8765 0.4671
vn 0.4671 0.8765 0.1164
vt 0.461167 0.529491
vt 0.451459 0.466991
vt 0.406250 0.529491
vt 0.538833 0.529491
vt 0.548541 0.466991
vt 0.529491 0.461167
vt 0.466991 0.451459
vt 0.466991 0.548541
vt 0.529491 0.538833
vt 0.451459 0.469491
vt 0.548541 0.469491
vt 0.529491 0.406250
vt 0.548541 0.451459
vt 0.548541 0.548541
vt 0.451459 0.548541
vt 0.451459 0.451459
vt 0.461167 0.529491
vt 0.406250 0.529491
vt 0.469491 0.548541
vt 0.469491 0.451459
vt 0.593750 0.529491
vt 0.538833 0.529491
vt 0.529491 0.593750
s 0
usemtl _0048_PaleGoldenrod.003
f 2044/2879/610 2043/2880/611 2047/2881/612
f 2044/2879/613 2046/2882/614 2045/2883/615 2043/2880/611
f 2047/2884/616 2043/2885/611 2050/2886/617 2056/2887/618
f 2048/2888/619 2044/2879/620 2047/2881/621
f 2053/2889/622 2046/2882/614 2044/2879/610 2048/2888/623
f 2046/2890/624 2049/2884/625 2045/2885/615
f 2045/2891/626 2055/2892/627 2050/2893/628 2043/2894/629
f 2057/2895/630 2056/2896/631 2050/2880/628
f 2051/2897/632 2048/2898/633 2047/2884/616 2056/2887/631
f 2049/2899/634 2046/2882/635 2053/2889/636
f 2052/2892/637 2053/2891/636 2048/2894/623 2051/2893/638
f 2045/2885/615 2049/2884/639 2054/2887/640 2055/2886/641
f 2050/2880/617 2055/2883/641 2058/2900/642 2057/2895/643
f 2056/2896/644 2057/2895/645 2051/2888/646
f 2052/2897/647 2054/2887/640 2049/2884/625 2053/2898/648
f 2051/2888/649 2057/2895/643 2058/2900/650 2052/2889/651
f 2058/2901/650 2055/2886/627 2054/2887/652
f 2052/2897/637 2058/2901/653 2054/2887/654
o Cooking_Mug
v 10.073119 0.150000 5.821909
v 10.120029 0.087231 5.844500
v 10.073119 -0.000000 5.807652
v 10.073119 0.087231 5.821909
v 10.131616 0.087231 5.895260
v 10.120029 0.150000 5.844500
v 10.131616 0.150000 5.895260
v 10.026210 0.150000 5.844500
v 10.131757 -0.000000 5.835890
v 10.014482 -0.000000 5.835890
v 10.073119 -0.000000 5.950224
v 10.065619 -0.000000 5.950224
v 10.040578 -0.000000 5.950224
v 10.146239 -0.000000 5.899341
v 10.014624 0.087231 5.895260
v 10.026210 0.087231 5.844500
v 10.099153 0.150000 5.935967
v 10.099153 0.087231 5.935967
v 10.000000 -0.000000 5.899341
v 10.105660 -0.000000 5.950224
v 10.080620 -0.000000 5.950224
v 10.014624 0.150000 5.895260
v 10.080620 0.087231 5.935967
v 10.047087 0.150000 5.935967
v 10.065619 0.087231 5.935967
v 10.047087 0.087231 5.935967
v 10.073120 0.087231 5.935967
v 10.080620 0.150000 5.935967
v 10.073120 0.150000 5.935967
v 10.065619 0.150000 5.935967
v 10.080620 0.117231 5.985743
v 10.065619 0.042231 6.000000
v 10.080620 0.042231 6.000000
v 10.080620 0.012136 5.949071
v 10.065619 0.137228 5.937181
v 10.065619 0.117231 5.985743
v 10.065619 0.012136 5.949071
v 10.065619 0.046087 5.989088
v 10.080620 0.046087 5.989088
v 10.065619 0.111206 5.976709
v 10.080620 0.111206 5.976709
v 10.080620 0.137228 5.937181
vn -0.0312 0.9992 0.0239
vn -0.0000 0.9993 0.0385
vn -0.0000 0.4852 0.8744
vn -0.6836 0.4852 0.5452
vn -0.0000 -0.4193 -0.9078
vn 0.7102 -0.4181 -0.5665
vn 0.0312 0.9992 0.0239
vn 0.6836 0.4852 0.5452
vn -0.0397 0.9992 -0.0100
vn -0.0311 0.9992 0.0240
vn -0.8525 0.4852 -0.1946
vn -0.7102 -0.4180 -0.5665
vn 0.0311 0.9992 0.0239
vn 0.8870 -0.4150 0.2024
vn 0.7102 -0.4180 -0.5664
vn -0.0311 0.9992 0.0239
vn -0.7102 -0.4180 -0.5664
vn -0.0001 -0.4194 -0.9078
vn 0.7102 -0.4180 -0.5665
vn 0.3953 -0.4126 0.8207
vn 0.3929 -0.6552 0.6452
vn -0.0000 -0.9388 0.3446
vn -0.3929 -0.6552 0.6452
vn -0.3953 -0.4126 0.8207
vn -0.8870 -0.4150 0.2024
vn 0.0311 0.9992 0.0240
vn 0.0397 0.9992 -0.0100
vn 0.8524 0.4853 -0.1946
vn -0.0180 0.9991 -0.0383
vn -0.0398 0.9992 -0.0100
vn -0.3794 0.4852 -0.7878
vn 0.6948 0.6461 -0.3159
vn 0.7566 -0.5603 0.3372
vn -0.7566 -0.5603 0.3372
vn -0.6948 0.6461 -0.3159
vn 0.0180 0.9991 -0.0383
vn -0.3952 -0.4126 0.8207
vn -0.3929 -0.6552 0.6453
vn -0.7340 0.6291 0.2559
vn 0.7340 0.6291 0.2559
vn 0.3929 -0.6552 0.6453
vn 0.0180 0.9991 -0.0382
vn 0.0398 0.9992 -0.0100
vn 0.3794 0.4852 -0.7878
vn 0.8525 0.4852 -0.1946
vn -0.0180 0.9991 -0.0382
vn -0.0000 0.4472 -0.8944
vn -0.0000 0.4991 -0.8665
vn -0.4771 0.4876 0.7311
vn 0.4771 0.4876 0.7311
vn 0.6948 0.6461 -0.3158
vn -0.0000 0.4991 -0.8666
vn -0.6948 0.6461 -0.3158
vn 0.4771 0.4877 0.7311
vn -0.4771 0.4877 0.7311
vn -0.5008 -0.2884 0.8161
vn 0.5008 -0.2884 0.8161
vn 0.5009 -0.2883 0.8161
vn 0.7340 0.6292 0.2558
vn 0.5009 0.2883 -0.8161
vn 0.4771 -0.4876 -0.7311
vn 0.7565 -0.5603 0.3372
vn -0.5009 0.2884 -0.8161
vn -0.7340 0.6292 0.2558
vn -0.5009 -0.2884 0.8161
vn -0.7565 -0.5603 0.3371
vn -0.4771 -0.4877 -0.7311
vn 0.5008 -0.2883 0.8161
vn -0.5008 -0.2883 0.8161
vn 0.5009 0.2884 -0.8161
vn 0.4771 -0.4877 -0.7311
vn -0.4771 -0.4876 -0.7311
vn -0.7566 -0.5603 0.3371
vn 0.7566 -0.5603 0.3371
vn -0.0000 0.4853 0.8744
vn 0.6836 0.4853 0.5451
vn 0.3794 0.4853 -0.7878
vn -0.3793 0.4853 -0.7878
vn -0.8524 0.4853 -0.1946
vn -0.6836 0.4853 0.5452
vt 0.523455 0.530226
vt 0.500000 0.530226
vt 0.500000 0.498841
vt 0.523455 0.498841
vt 0.500000 0.455226
vt 0.529319 0.455226
vt 0.476545 0.530226
vt 0.476545 0.498841
vt 0.530226 0.489906
vt 0.530226 0.464526
vt 0.498841 0.464526
vt 0.498841 0.489906
vt 0.470681 0.455226
vt 0.455226 0.491947
vt 0.455226 0.460221
vt 0.470681 0.460221
vt 0.500000 0.446102
vt 0.529319 0.460221
vt 0.536560 0.491947
vt 0.516271 0.517388
vt 0.503750 0.517388
vt 0.500000 0.517388
vt 0.496250 0.517388
vt 0.483729 0.517388
vt 0.463440 0.491947
vt 0.530226 0.510260
vt 0.498841 0.510260
vt 0.455226 0.517388
vt 0.503750 0.530226
vt 0.503750 0.523840
vt 0.496250 0.523840
vt 0.496250 0.530226
vt 0.486983 0.530226
vt 0.483729 0.455226
vt 0.496250 0.455226
vt 0.496250 0.461294
vt 0.503750 0.461294
vt 0.503750 0.455226
vt 0.516271 0.455226
vt 0.513017 0.530226
vt 0.513017 0.498841
vt 0.503750 0.498841
vt 0.496250 0.498841
vt 0.486983 0.498841
vt 0.500000 0.530226
vt 0.500000 0.498841
vt 0.496250 0.535148
vt 0.503750 0.535148
vt 0.503750 0.510260
vt 0.500000 0.510260
vt 0.496250 0.510260
vt 0.503750 0.513841
vt 0.496250 0.513841
vt 0.496250 0.476341
vt 0.503750 0.476341
vt 0.476341 0.542276
vt 0.461294 0.516812
vt 0.478270 0.536820
vt 0.510829 0.530631
vt 0.523840 0.510867
vt 0.513841 0.535148
vt 0.503750 0.542276
vt 0.496250 0.542276
vt 0.496250 0.516812
vt 0.496250 0.536820
vt 0.503750 0.536820
vt 0.503750 0.516812
vt 0.496250 0.478270
vt 0.496250 0.510829
vt 0.503750 0.510829
vt 0.503750 0.478270
vt 0.496250 0.530631
vt 0.496250 0.510867
vt 0.503750 0.510867
vt 0.503750 0.530631
vt 0.500000 0.453231
vt 0.476545 0.464526
vt 0.470752 0.489906
vt 0.486983 0.510260
vt 0.496250 0.510260
vt 0.503750 0.510260
vt 0.513017 0.510260
vt 0.529248 0.489906
vt 0.523455 0.464526
s 0
usemtl _0048_PaleGoldenrod.003
f 2064/2902/655 2059/2903/656 2062/2904/657 2060/2905/658
f 2061/2906/659 2059/2903/656 2064/2902/655 2067/2907/660
f 2059/2903/656 2066/2908/661 2074/2909/662 2062/2904/657
f 2065/2910/663 2064/2911/664 2060/2912/658 2063/2913/665
f 2068/2914/666 2066/2908/667 2059/2903/656 2061/2906/659
f 2072/2915/668 2067/2916/669 2064/2911/670 2065/2910/663
f 2068/2917/671 2061/2918/672 2067/2919/673 2072/2920/668 2078/2921/674 2079/2922/675 2069/2923/676 2070/2924/677 2071/2925/678 2077/2926/679
f 2066/2911/680 2080/2910/681 2073/2913/682 2074/2912/662
f 2075/2927/683 2065/2910/684 2063/2913/665 2076/2928/685
f 2080/2910/681 2066/2911/667 2068/2916/671 2077/2915/679
f 2078/2929/674 2072/2915/668 2065/2910/663 2075/2927/683
f 2086/2930/686 2100/2931/687 2093/2932/688 2088/2933/689 2082/2934/690 2071/2935/691 2070/2936/692 2095/2937/693 2092/2938/694 2079/2939/695 2078/2940/674 2075/2941/683
f 2082/2927/696 2080/2910/697 2077/2915/679 2071/2929/678
f 2080/2910/697 2082/2927/690 2084/2928/698 2073/2913/699
f 2086/2930/686 2075/2941/700 2076/2942/685 2081/2943/701
f 2082/2934/696 2088/2933/689 2083/2944/701 2084/2945/698
usemtl _0125_Plum.001
f 2087/2946/702 2086/2930/686 2081/2943/701 2085/2947/701
f 2094/2948/703 2089/2949/704 2086/2950/705 2087/2951/706 2088/2952/707
f 2088/2933/689 2087/2946/702 2085/2947/701 2083/2944/701
f 2089/2953/708 2094/2954/709 2090/2955/710 2091/2956/711
f 2091/2957/712 2079/2929/695 2092/2958/713 2097/2959/714 2099/2960/715 2100/2961/716 2086/2927/686 2089/2962/704
f 2096/2959/717 2095/2958/718 2070/2929/692 2090/2957/719 2094/2962/709 2088/2927/689 2093/2961/720 2098/2960/721
f 2070/2924/677 2069/2923/676 2079/2922/675 2091/2963/722 2090/2964/723
f 2095/2965/718 2096/2966/717 2097/2967/724 2092/2968/713
f 2096/2969/717 2098/2970/721 2099/2971/725 2097/2972/724
f 2098/2973/726 2093/2974/727 2100/2975/728 2099/2976/715
usemtl _0068_LightGreen.003
f 2062/2977/729 2074/2978/730 2073/2979/682 2084/2980/731 2083/2981/701 2085/2951/701 2081/2982/701 2076/2983/732 2063/2984/733 2060/2985/734
o Cooking_Plate
v 8.072335 -0.000000 5.772335
v 8.087868 0.025000 5.700000
v 8.227665 -0.000000 5.772335
v 8.212132 0.025000 5.700000
v 8.000000 0.025000 5.787868
v 8.300000 0.025000 5.787868
v 8.072335 -0.000000 5.927665
v 8.072335 0.005000 5.772335
v 8.227665 0.005000 5.927665
v 8.227665 0.005000 5.772335
v 8.000000 0.025000 5.912132
v 8.087868 0.025000 6.000000
v 8.072335 0.005000 5.927665
v 8.300000 0.025000 5.912132
v 8.227665 -0.000000 5.927665
v 8.212132 0.025000 6.000000
vn -0.3968 0.4404 -0.8054
vn -0.1811 -0.9667 -0.1810
vn -0.8053 0.4404 -0.3969
vn 0.3968 0.4404 -0.8054
vn 0.1810 -0.9667 -0.1811
vn -0.1810 -0.9667 -0.1811
vn -0.8054 0.4404 -0.3968
vn -0.1811 -0.9667 0.1810
vn -0.8054 0.4404 0.3968
vn 0.1488 0.9776 0.1488
vn -0.3969 0.4404 -0.8053
vn -0.1488 0.9776 0.1488
vn 0.3969 0.4404 -0.8053
vn 0.8054 0.4404 -0.3968
vn 0.1811 -0.9667 -0.1810
vn 0.1811 -0.9667 0.1810
vn -0.3969 0.4404 0.8053
vn -0.1810 -0.9667 0.1811
vn -0.8053 0.4404 0.3969
vn 0.1488 0.9776 -0.1488
vn -0.1487 0.9776 -0.1487
vn -0.1487 0.9776 0.1487
vn 0.1487 0.9776 0.1487
vn 0.1487 0.9776 -0.1487
vn 0.8053 0.4404 -0.3969
vn -0.1488 0.9776 0.1487
vn 0.8054 0.4404 0.3968
vn 0.1810 -0.9667 0.1811
vn 0.3968 0.4404 0.8054
vn -0.3968 0.4404 0.8054
vn -0.1488 0.9776 -0.1488
vn 0.8053 0.4404 0.3969
vn 0.3969 0.4404 0.8053
vn 0.1810 -0.9667 0.1810
vn 0.8053 0.4404 0.3968
vn -0.1487 0.9776 -0.1488
vt 0.468934 0.425000
vt 0.461167 0.461167
vt 0.425000 0.468934
vt 0.531066 0.425000
vt 0.538833 0.461167
vt 0.461167 0.538833
vt 0.425000 0.531066
vt 0.575000 0.468934
vt 0.538833 0.538833
vt 0.468934 0.575000
vt 0.575000 0.531066
vt 0.531066 0.575000
s 0
usemtl _0048_PaleGoldenrod.003
f 2102/2986/735 2101/2987/736 2105/2988/737
f 2102/2986/735 2104/2989/738 2103/2990/739 2101/2987/740
f 2105/2988/741 2101/2987/736 2107/2991/742 2111/2992/743
f 2108/2987/744 2102/2986/745 2105/2988/737
f 2102/2986/745 2108/2987/744 2110/2990/746 2104/2989/747
f 2104/2989/747 2106/2993/748 2103/2990/739
f 2103/2990/749 2115/2994/750 2107/2991/742 2101/2987/740
f 2112/2995/751 2111/2992/743 2107/2991/752
f 2108/2987/744 2105/2988/737 2111/2992/753 2113/2991/754
f 2109/2994/755 2110/2990/756 2108/2987/757 2113/2991/758
f 2106/2993/759 2104/2989/747 2110/2990/760
f 2103/2990/749 2106/2993/748 2114/2996/761 2115/2994/750
f 2107/2991/752 2115/2994/762 2116/2997/763 2112/2995/764
f 2111/2992/753 2112/2995/751 2113/2991/754
f 2106/2993/759 2110/2990/746 2109/2994/765 2114/2996/766
f 2109/2994/765 2113/2991/754 2112/2995/751 2116/2997/767
f 2116/2997/763 2115/2994/768 2114/2996/769
f 2109/2994/770 2116/2997/767 2114/2996/766
o Cooking_Pot
v 6.909581 0.075000 5.825253
v 7.019416 0.075000 5.715419
v 7.000000 -0.000000 5.805837
v 6.909581 0.225000 5.825253
v 7.019416 0.225000 5.715419
v 7.174747 0.075000 5.715419
v 7.194163 -0.000000 5.805837
v 7.000000 0.000000 6.000000
v 7.019416 0.075000 6.090419
v 6.909581 0.075000 5.980584
v 7.284581 0.075000 5.825253
v 6.909581 0.225000 5.980584
v 6.959581 0.275000 5.845964
v 7.154036 0.275000 5.765419
v 7.040127 0.275000 5.765419
v 7.029772 0.300000 5.740418
v 7.284581 0.225000 5.825253
v 7.174747 0.225000 5.715419
v 7.194163 0.000000 6.000000
v 7.284581 0.075000 5.980584
v 7.174747 0.225000 6.090419
v 7.019416 0.225000 6.090419
v 7.040127 0.275000 6.040419
v 6.959581 0.275000 5.959873
v 6.934581 0.300000 5.835609
v 6.934581 0.300000 5.970228
v 7.164391 0.300000 5.740418
v 7.234581 0.275000 5.845964
v 7.174747 0.075000 6.090419
v 7.154036 0.275000 6.040419
v 7.029772 0.300000 6.065419
v 7.234581 0.275000 5.959873
v 7.259582 0.300000 5.970228
v 7.259582 0.300000 5.835609
v 7.284581 0.225000 5.980584
v 7.164391 0.300000 6.065419
v 7.164391 0.300000 6.065419
v 7.284581 0.225000 5.980584
v 7.259582 0.300000 5.835609
v 7.259582 0.300000 5.970228
v 7.234581 0.275000 5.959873
v 7.029772 0.300000 6.065419
v 7.154036 0.275000 6.040419
v 7.174747 0.075000 6.090419
v 7.234581 0.275000 5.845964
v 7.164391 0.300000 5.740418
v 6.934581 0.300000 5.970228
v 6.934581 0.300000 5.835609
v 6.959581 0.275000 5.959873
v 7.040127 0.275000 6.040419
v 7.019416 0.225000 6.090419
v 7.174747 0.225000 6.090419
v 7.284581 0.075000 5.980584
v 7.174747 0.225000 5.715419
v 7.284581 0.225000 5.825253
v 7.029772 0.300000 5.740418
v 7.040127 0.275000 5.765419
v 7.154036 0.275000 5.765419
v 6.959581 0.275000 5.845964
v 6.909581 0.225000 5.980584
v 7.284581 0.075000 5.825253
v 6.909581 0.075000 5.980584
v 7.019416 0.075000 6.090419
v 7.174747 0.075000 5.715419
v 7.019416 0.225000 5.715419
v 6.909581 0.225000 5.825253
v 7.019416 0.075000 5.715419
v 6.909581 0.075000 5.825253
vn -0.4017 -0.1012 -0.9101
vn -0.3456 -0.8725 -0.3455
vn -0.9101 -0.1012 -0.4018
vn -0.4017 -0.1011 -0.9102
vn 0.4017 -0.1011 -0.9102
vn 0.3456 -0.8725 -0.3455
vn -0.3455 -0.8725 0.3456
vn -0.9102 -0.1011 0.4017
vn -0.9102 -0.1011 -0.4017
vn -0.3455 -0.8725 -0.3456
vn -0.8430 0.4091 -0.3492
vn -0.3492 0.4091 -0.8430
vn 0.3492 0.4091 -0.8430
vn 0.4018 -0.1012 -0.9101
vn 0.9101 -0.1012 -0.4017
vn 0.3455 -0.8725 -0.3456
vn 0.3455 -0.8725 0.3456
vn -0.3456 -0.8725 0.3455
vn -0.4018 -0.1012 0.9101
vn -0.9101 -0.1012 0.4017
vn -0.8430 0.4091 0.3492
vn -0.9239 -0.0000 -0.3827
vn -0.3827 -0.0000 -0.9239
vn 0.3827 -0.0000 -0.9239
vn -0.6270 0.7345 -0.2597
vn -0.9239 -0.0000 -0.3826
vn -0.2597 0.7345 -0.6269
vn 0.9102 -0.1011 -0.4017
vn 0.8430 0.4091 -0.3492
vn -0.2597 0.7345 -0.6270
vn 0.2597 0.7345 -0.6269
vn 0.9102 -0.1011 0.4017
vn -0.3492 -0.4091 -0.8430
vn -0.3826 -0.0000 -0.9239
vn -0.8430 -0.4091 -0.3492
vn 0.3456 -0.8725 0.3455
vn 0.4017 -0.1011 0.9102
vn -0.4017 -0.1011 0.9102
vn -0.6270 0.7345 0.2597
vn -0.9239 -0.0000 0.3827
vn -0.6269 0.7345 -0.2597
vn -0.3492 0.4091 0.8430
vn 0.2597 0.7345 -0.6270
vn 0.3826 -0.0000 -0.9239
vn 0.9239 -0.0000 -0.3827
vn 0.6269 0.7345 -0.2597
vn 0.3492 -0.4091 -0.8430
vn -0.6270 -0.7345 -0.2597
vn -0.2597 -0.7345 -0.6270
vn -0.2597 -0.7345 -0.6269
vn 0.2597 -0.7345 -0.6270
vn -0.8430 -0.4091 0.3492
vn -0.2597 0.7345 0.6270
vn -0.3826 -0.0000 0.9239
vn -0.6269 0.7345 0.2597
vn 0.8430 0.4091 0.3492
vn 0.6270 0.7345 -0.2597
vn 0.9239 -0.0000 0.3826
vn 0.6269 0.7345 0.2597
vn 0.4017 -0.1012 0.9101
vn 0.9101 -0.1012 0.4018
vn 0.8430 -0.4091 -0.3492
vn 0.9239 -0.0000 -0.3826
vn 0.3492 0.4091 0.8430
vn -0.3827 -0.0000 0.9239
vn -0.6269 -0.7345 0.2597
vn -0.9239 -0.0000 0.3826
vn -0.3492 -0.4091 0.8430
vn 0.6270 -0.7345 -0.2597
vn 0.2597 0.7345 0.6270
vn 0.3827 -0.0000 0.9239
vn -0.2597 0.7345 0.6269
vn 0.9239 -0.0000 0.3827
vn 0.6270 0.7345 0.2597
vn 0.2597 0.7345 0.6269
vn 0.8430 -0.4091 0.3492
vn -0.2597 -0.7345 0.6270
vn -0.6270 -0.7345 0.2597
vn 0.6270 -0.7345 0.2597
vn 0.3492 -0.4091 0.8430
vn 0.3826 -0.0000 0.9239
vn 0.2597 -0.7345 0.6269
vn 0.2597 -0.7345 0.6270
vn -0.9101 -0.1012 -0.4017
vn -0.9102 -0.1012 0.4017
vn -0.4017 -0.1012 0.9101
vn 0.4017 -0.1012 0.9102
vn 0.9101 -0.1012 0.4017
vn 0.9102 -0.1012 -0.4017
vn 0.4017 -0.1012 -0.9101
vn -0.4017 -0.1012 -0.9102
vt 0.461167 0.439009
vt 0.451459 0.401509
vt 0.406250 0.439009
vt 0.451459 0.451459
vt 0.461167 0.406250
vt 0.538833 0.406250
vt 0.548541 0.451459
vt 0.451459 0.548541
vt 0.406250 0.538833
vt 0.406250 0.461167
vt 0.406250 0.514009
vt 0.461167 0.514009
vt 0.538833 0.439009
vt 0.538833 0.514009
vt 0.439009 0.406250
vt 0.439009 0.461167
vt 0.401509 0.451459
vt 0.548541 0.548541
vt 0.461167 0.439009
vt 0.439009 0.538833
vt 0.514009 0.538833
vt 0.514009 0.461167
vt 0.406250 0.461167
vt 0.431250 0.471523
vt 0.471523 0.431250
vt 0.471523 0.539009
vt 0.528477 0.539009
vt 0.581250 0.533655
vt 0.568750 0.528477
vt 0.528477 0.568750
vt 0.533655 0.581250
vt 0.593750 0.439009
vt 0.593750 0.514009
vt 0.471523 0.568750
vt 0.466345 0.581250
vt 0.593750 0.461167
vt 0.593750 0.538833
vt 0.538833 0.593750
vt 0.461167 0.593750
vt 0.581250 0.466345
vt 0.568750 0.471523
vt 0.461167 0.514009
vt 0.431250 0.528477
vt 0.418750 0.533655
vt 0.539009 0.528477
vt 0.539009 0.471523
vt 0.538833 0.514009
vt 0.418750 0.466345
vt 0.466345 0.418750
vt 0.439009 0.593750
vt 0.514009 0.593750
vt 0.466345 0.551509
vt 0.533655 0.551509
vt 0.593750 0.461167
vt 0.528477 0.431250
vt 0.533655 0.418750
vt 0.401509 0.548541
vt 0.538833 0.439009
s 0
usemtl _0048_PaleGoldenrod.003
f 2118/2998/771 2119/2999/772 2117/3000/773
f 2119/3001/772 2118/3002/774 2122/3003/775 2123/3004/776
f 2124/3005/777 2126/3006/778 2117/3007/779 2119/3001/780
f 2118/2998/774 2117/3000/779 2120/3008/781 2121/3009/782
f 2122/3010/775 2118/2998/774 2121/3009/782 2134/3011/783
f 2122/3012/784 2127/3013/785 2123/3014/786
f 2123/3004/776 2135/3015/787 2124/3005/788 2119/3001/780
f 2125/3016/789 2126/3000/790 2124/2999/777
f 2117/3013/779 2126/3017/778 2128/3018/791 2120/3019/781
f 2121/3002/782 2120/3020/781 2129/3021/792 2131/3022/793
f 2134/3011/783 2121/3009/782 2131/3023/793 2130/3024/794
f 2156/3025/795 2157/3026/796 2159/3027/793 2152/3028/797
f 2127/3029/798 2122/3010/775 2134/3011/783 2133/3030/799
f 2152/3028/800 2159/3027/793 2166/3031/794 2158/3032/801
f 2135/3015/787 2123/3004/786 2127/3033/798 2136/3034/802
f 2168/3035/803 2159/3027/804 2157/3026/792 2154/3034/805
f 2135/3015/806 2145/3035/807 2125/3036/808 2124/3005/788
f 2155/3037/809 2161/3038/810 2157/3026/792 2156/3025/811
f 2126/3000/778 2125/3016/808 2138/3039/812 2128/3008/791
f 2158/3032/813 2166/3031/814 2165/3040/815 2163/3041/816
f 2120/3019/781 2128/3018/791 2140/3042/810 2129/3043/792
f 2167/3039/817 2166/3023/794 2159/3024/793 2168/3044/803
f 2141/3045/818 2132/3046/819 2131/3022/793 2129/3021/792
f 2160/3047/793 2168/3048/803 2154/3018/805 2169/3017/792
f 2132/3049/820 2143/3050/821 2130/3024/794 2131/3023/793
f 2154/3018/805 2157/3042/792 2161/3043/810 2171/3019/822
f 2133/3051/799 2134/3003/783 2130/3052/794 2144/3038/815
f 2162/3053/823 2174/3052/824 2161/3038/810 2155/3037/825
f 2136/3017/802 2127/3013/798 2133/3019/799 2151/3018/826
f 2163/3041/827 2165/3040/815 2175/3021/828 2164/3045/829
f 2145/3047/830 2135/3054/806 2136/3017/831
f 2176/3006/832 2165/3040/833 2166/3031/794 2167/3036/817
f 2125/3016/808 2145/3055/807 2137/3044/834 2138/3039/812
f 2179/3016/794 2167/3039/817 2168/3044/803 2160/3055/793
f 2128/3006/791 2138/3036/812 2139/3031/835 2140/3040/810
f 2169/3017/792 2154/3018/805 2171/3019/822 2177/3013/810
f 2142/3041/836 2141/3045/818 2129/3021/792 2140/3040/810
f 2171/3051/822 2161/3038/837 2174/3052/835 2170/3003/838
f 2143/3053/821 2150/3037/839 2144/3038/815 2130/3052/794
f 2172/3049/840 2173/3023/841 2174/3024/835 2162/3050/842
f 2151/3018/826 2133/3019/799 2144/3043/815 2148/3042/843
f 2164/3045/844 2175/3021/828 2173/3022/841 2172/3046/845
f 2145/3047/807 2136/3017/802 2151/3018/826 2137/3048/834
f 2182/3019/846 2175/3043/843 2165/3042/833 2176/3018/832
f 2138/3039/812 2137/3044/834 2146/3024/841 2139/3023/835
f 2178/3000/815 2176/3008/832 2167/3039/817 2179/3016/794
f 2147/3032/847 2142/3041/848 2140/3040/810 2139/3031/835
f 2177/3029/810 2171/3030/822 2170/3011/838 2180/3010/835
f 2150/3037/839 2149/3025/849 2148/3026/843 2144/3038/815
f 2170/3011/838 2174/3024/835 2173/3023/841 2181/3009/850
f 2137/3035/834 2151/3034/826 2148/3026/843 2146/3027/841
f 2181/3002/850 2173/3022/851 2175/3021/843 2182/3020/846
f 2153/3028/852 2147/3032/847 2139/3031/835 2146/3027/841
f 2184/3013/843 2182/3019/846 2176/3018/832 2178/3017/815
f 2149/3025/849 2153/3028/853 2146/3027/841 2148/3026/843
f 2180/3010/835 2170/3011/838 2181/3009/850 2183/2998/841
f 2183/2998/841 2181/3009/850 2182/3008/846 2184/3000/843
usemtl _0068_LightGreen.003
f 2117/3007/854 2126/3006/855 2125/3036/856 2145/3035/857 2136/3034/858 2127/3033/859 2122/3003/860 2118/3002/861
o Wall_Roof_30_Center
v 5.000000 0.577350 2.000000
v 4.000000 -0.000000 1.700000
v 5.000000 0.577350 1.700000
v 6.000000 -0.000000 1.700000
v 4.000000 -0.000000 2.000000
v 6.000000 -0.000000 2.000000
vn -0.0000 -0.0000 -1.0000
vn -0.5000 0.8660 -0.0000
vn 0.5000 0.8660 -0.0000
vn -0.0000 -0.0000 1.0000
vn -0.0000 1.0000 -0.0000
vt 1.000000 0.403775
vt 0.000000 0.403775
vt 0.500000 0.692450
vt 0.500000 0.575000
vt 0.500000 0.425000
vt 0.000000 0.425000
vt 0.000000 0.575000
vt 1.000000 0.575000
vt 1.000000 0.425000
vt 0.000000 0.403775
vt 1.000000 0.403775
vt 0.500000 0.692450
s 0
usemtl _0048_PaleGoldenrod.003
f 2188/3056/862 2186/3057/862 2187/3058/862
f 2185/3059/863 2187/3060/863 2186/3061/863 2189/3062/863
f 2185/3059/864 2190/3063/864 2188/3064/864 2187/3060/864
f 2189/3065/865 2190/3066/865 2185/3067/865
f 2189/3062/866 2190/3063/866 2188/3064/866 2186/3061/866
o Wall_Roof_45_Center
v 7.000000 -0.000000 2.000000
v 7.000000 -0.000000 1.700000
v 8.000000 1.000000 2.000000
v 9.000000 -0.000000 1.700000
v 8.000000 1.000000 1.700000
v 9.000000 -0.000000 2.000000
vn -0.0000 1.0000 -0.0000
vn -0.0000 -0.0000 -1.0000
vn -0.7071 0.7071 -0.0000
vn 0.7071 0.7071 -0.0000
vn -0.0000 -0.0000 1.0000
vt -0.000000 0.575000
vt 1.000000 0.575000
vt 1.000000 0.425000
vt -0.000000 0.425000
vt 1.000000 0.333333
vt -0.000000 0.333333
vt 0.500000 0.833333
vt 0.500000 0.575000
vt 0.500000 0.425000
vt 0.833333 0.575000
vt 0.333333 0.575000
vt 0.333333 0.425000
vt 0.833333 0.425000
vt -0.000000 0.333333
vt 1.000000 0.333333
s 0
usemtl _0048_PaleGoldenrod.003
f 2191/3068/867 2196/3069/867 2194/3070/867 2192/3071/867
f 2194/3072/868 2192/3073/868 2195/3074/868
f 2193/3075/869 2195/3076/869 2192/3071/869 2191/3068/869
f 2193/3077/870 2196/3078/870 2194/3079/870 2195/3080/870
f 2191/3081/871 2196/3082/871 2193/3074/871
o Wall_Roof_60_Center
v 11.000000 1.732051 2.000000
v 12.000000 -0.000000 1.700000
v 11.000000 1.732051 1.700000
v 10.000000 -0.000000 1.700000
v 12.000000 -0.000000 2.000000
v 10.000000 -0.000000 2.000000
vn -0.8660 0.5000 -0.0000
vn 0.8660 0.5000 -0.0000
vn -0.0000 -0.0000 -1.0000
vn -0.0000 -0.0000 1.0000
vn -0.0000 1.0000 -0.0000
vt 1.077350 0.575000
vt 1.077350 0.425000
vt 0.211325 0.425000
vt 0.211325 0.575000
vt 1.000000 0.211325
vt 0.000000 0.211325
vt 0.500000 1.077350
vt 0.000000 0.211325
vt 1.000000 0.211325
vt 0.000000 0.575000
vt 1.000000 0.575000
vt 1.000000 0.425000
vt 0.000000 0.425000
s 0
usemtl _0048_PaleGoldenrod.003
f 2197/3083/872 2199/3084/872 2200/3085/872 2202/3086/872
f 2197/3083/873 2201/3086/873 2198/3085/873 2199/3084/873
f 2198/3087/874 2200/3088/874 2199/3089/874
f 2202/3090/875 2201/3091/875 2197/3089/875
f 2202/3092/876 2201/3093/876 2198/3094/876 2200/3095/876
